,,,,,,,,,,
,"Catàleg Tipus de documents",,,,,,,,,
,,,,,,,,,,
,"Data d'alta","Data baixa","Codi tipus document","Nom tipus document","Agrupador","Servei de publicació","Estructura XML","Diagnòstic obligatori","Validació CIP","Data activació validació CIP"
,01/05/2017,,"04090501","Elastografia per ecografia","Radiologia","Documents / Imatge",2,"No","No",
,01/05/2017,,7510005,"Estudi de la visió cromàtica","Proves complementàries","Documents",1,"No","No",
,01/05/2017,,"08070103","Arteriografia cerebral un vas","Vascular","Documents / Imatge",2,"No","No",
,01/05/2017,,"08070104","Arteriografia cerebral 2 vasos","Vascular","Documents / Imatge",2,"No","No",
,01/05/2017,,"08070105","Arteriografia cerebral complerta","Vascular","Documents / Imatge",2,"No","No",
,01/05/2017,,"08070106","Arteriografia cerebral compl. i selectiva","Vascular","Documents / Imatge",2,"No","No",
,01/05/2017,,10847001,"Broncoscòpia","Proves complementàries","Documents / Imatge",2,"No","No",
,01/05/2017,,11148001,"Proc.electrofisiològic intracardíac amb ECG","Proves complementàries","Documents / Imatge",2,"No","No",
,01/05/2017,,13205008,"Ecografia transvaginal","Proves complementàries","Documents / Imatge",2,"No","No",
,01/05/2017,,13801008,"Prova de punció cutània","Proves complementàries","Documents",1,"No","No",
,01/05/2017,,14769009,"Prova de basculació","Proves complementàries","Documents",1,"No","No",
,01/05/2017,,15022001,"Mesura capacitat respiratòria màx","Proves complementàries","Documents",1,"No","No",
,01/05/2017,,19731001,"Ecografia ocular","Proves complementàries","Documents / Imatge",2,"No","No",
,01/05/2017,,20067007,"Fotografia del fons de l'ull","Proves complementàries","Documents / Imatge",2,"No","No",
,01/05/2017,,20816008,"Manometria esofàgica","Proves complementàries","Documents",1,"No","No",
,01/05/2017,,21727005,"Audiometria","Proves complementàries","Documents",1,"No","No",
,01/05/2017,,24139008,"Cistoscòpia","Proves complementàries","Documents / Imatge",2,"No","No",
,01/05/2017,,24420007,"Sigmoidoscòpia","Proves complementàries","Documents / Imatge",2,"No","No",
,01/05/2017,,25570002,"Endoscòpia nasal","Proves complementàries","Documents / Imatge",2,"No","No",
,01/05/2017,,25918005,"Cistouretroscòpia amb biòpsia ","Proves complementàries","Documents / Imatge",2,"No","No",
,01/05/2017,,29303009,"ECG","Proves complementàries","Documents / Imatge",2,"No","No",
,01/05/2017,,29893006,"Peak flow","Proves complementàries","Documents",1,"No","No",
,01/05/2017,,33367005,"Angiografia coronària","Proves complementàries","Documents / Imatge",2,"No","No",
,01/05/2017,,34536000,"Amniocentesi","Proves complementàries","Documents",1,"No","No",
,01/05/2017,,35823001,"Ablació cardíaca amb catèter","Proves complementàries","Documents / Imatge",2,"No","No",
,01/05/2017,,37968009,"Prova de la punxada","Proves complementàries","Documents",1,"No","No",
,01/05/2017,,40701008,"Ecocardiografia","Proves complementàries","Documents / Imatge",2,"No","No",
,01/05/2017,,41976001,"Cateterisme cardíac","Proves complementàries","Documents / Imatge",2,"No","No",
,01/05/2017,,42238002,"Rectoscòpia","Proves complementàries","Documents / Imatge",2,"No","No",
,01/05/2017,,42803009,"Electromiografia","Proves complementàries","Documents / Imatge",2,"No","No",
,01/05/2017,,42987007,"Prova de la funció vestibular","Proves complementàries","Documents",1,"No","No",
,01/05/2017,,55198006,"Broncoscòpia amb biòpsia","Proves complementàries","Documents / Imatge",2,"No","No",
,01/05/2017,,55574009,"Prova de la funció cardíaca","Proves complementàries","Documents",1,"No","No",
,01/05/2017,,59851008,"Electronistagmografia","Proves complementàries","Documents",1,"No","No",
,01/05/2017,,60554003,"Polisomnografia","Proves complementàries","Documents",1,"No","No",
,01/05/2017,,61553000,"Biometria oftalm x eco, modus A","Proves complementàries","Documents",1,"No","No",
,01/05/2017,,63107007,"Potencials evocats visuals","Proves complementàries","Documents",1,"No","No",
,01/05/2017,,70635007,"Mesurament pressió vena porta","Proves complementàries","Documents",1,"No","No",
,01/05/2017,,73761001,"Colonoscòpia","Proves complementàries","Documents / Imatge",2,"No","No",
,01/05/2017,,76009000,"Esofagogastroduodenoscòpia","Proves complementàries","Documents / Imatge",2,"No","No",
,01/05/2017,,76517002,"Endoscòpia d'orella","Proves complementàries","Documents / Imatge",2,"No","No",
,01/05/2017,,76746007,"Prova d'esforç","Proves complementàries","Documents / Imatge",2,"No","No",
,01/05/2017,,76949005,"Gonioscòpia","Proves complementàries","Documents / Imatge",2,"No","No",
,01/05/2017,,85765000,"Broncoscòpia de fibra òptica","Proves complementàries","Documents / Imatge",2,"No","No",
,01/05/2017,,87529006,"Capacitat difusió de membrana","Proves complementàries","Documents",1,"No","No",
,01/05/2017,,87724004,"Prova de fotosensibilitat","Proves complementàries","Documents",1,"No","No",
,01/05/2017,,88028009,"Estudi pressió i flux urinari","Proves complementàries","Documents",1,"No","No",
,01/05/2017,,88916003,"Anoscòpia","Proves complementàries","Documents / Imatge",2,"No","No",
,01/05/2017,,102969006,"Potencial evocat auditiu","Proves complementàries","Documents",1,"No","No",
,01/05/2017,,103751001,"Campimetria","Proves complementàries","Documents / Imatge",2,"No","No",
,01/05/2017,,105376000,"Ecocardiografia transesofàgica","Proves complementàries","Documents / Imatge",2,"No","No",
,01/05/2017,,133864008,"Litotrípsia (procedimient)","Proves complementàries","Documents",1,"No","No",
,01/05/2017,,164742009,"Prova de Schirmer","Proves complementàries","Documents",1,"No","No",
,01/05/2017,,164791003,"Prova d'alè detecció H. pylori","Proves complementàries","Documents",1,"No","No",
,01/05/2017,,168172001,"Prova de la suor","Proves complementàries","Documents",1,"No","No",
,01/05/2017,,170599006,"M.A.P.A. Monitoratge PA 24 hores","Proves complementàries","Documents",1,"No","No",
,01/05/2017,,233545006,"Histeroscòpia","Proves complementàries","Documents / Imatge",2,"No","No",
,01/05/2017,,235153008,"Sigmoidoscòpia rígida","Proves complementàries","Documents / Imatge",2,"No","No",
,01/05/2017,,239332003,"Prova percutània per al.lèrgia","Proves complementàries","Documents",1,"No","No",
,01/05/2017,,250980009,"Cardioversió","Proves complementàries","Documents / Imatge",2,"No","No",
,01/05/2017,,251642003,"Camps magn.evocats audit. tronc encefàlic","Proves complementàries","Documents",1,"No","No",
,01/05/2017,,252233000,"Prova d'hidrogen espirat","Proves complementàries","Documents",1,"No","No",
,01/05/2017,,252417001,"Holter cardíac","Proves complementàries","Documents / Imatge",2,"No","No",
,01/05/2017,,252464001,"Capilaroscòpia","Proves complementàries","Documents",1,"No","No",
,01/05/2017,,252465000,"Pulsioximetria","Proves complementàries","Documents",1,"No","No",
,01/05/2017,,252476001,"Prova d'esforç progressiu","Proves complementàries","Documents / Imatge",2,"No","No",
,01/05/2017,,252478000,"Prova de la marxa de 6 minuts","Proves complementàries","Documents",1,"No","No",
,01/05/2017,,252520007,"Prova provocació - metacolina","Proves complementàries","Documents",1,"No","No",
,01/05/2017,,252553002,"Rinomanometria","Proves complementàries","Documents",1,"No","No",
,01/05/2017,,252557001,"Rinometria acústica","Proves complementàries","Documents",1,"No","No",
,01/05/2017,,252572002,"Estroboscòpia laríngia","Proves complementàries","Documents / Imatge",2,"No","No",
,01/05/2017,,252577008,"Audiometria tonal","Proves complementàries","Documents",1,"No","No",
,01/05/2017,,252636004,"Manometria d'esfínter anal","Proves complementàries","Documents",1,"No","No",
,01/05/2017,,252652001,"PH-metria determinació reflux","Proves complementàries","Documents",1,"No","No",
,01/05/2017,,252728003,"EEG amb privació de son","Proves complementàries","Documents",1,"No","No",
,01/05/2017,,252777006,"Audiometria de resp. elèctrica","Proves complementàries","Documents",1,"No","No",
,01/05/2017,,252779009,"Electroretinografia estimulació llum blanca","Proves complementàries","Documents",1,"No","No",
,01/05/2017,,252784003,"Electroretinografia amb estímuls freqüents","Proves complementàries","Documents",1,"No","No",
,01/05/2017,,252829002,"Microscòpia especular corneal","Proves complementàries","Documents / Imatge",2,"No","No",
,01/05/2017,,252830007,"Topografia corneal","Proves complementàries","Documents / Imatge",2,"No","No",
,01/05/2017,,252847008,"Prova ortòptica","Proves complementàries","Documents",1,"No","No",
,01/05/2017,,252853008,"Proves estereoscòpiques","Proves complementàries","Documents",1,"No","No",
,01/05/2017,,252873003,"Prova de Hirschberg","Proves complementàries","Documents",1,"No","No",
,01/05/2017,,252879004,"Cribratge de Lancaster","Proves complementàries","Documents",1,"No","No",
,01/05/2017,,252886007,"Avaluació de la refracció","Proves complementàries","Documents",1,"No","No",
,01/05/2017,,252895004,"Proves urodinàmiques","Proves complementàries","Documents",1,"No","No",
,01/05/2017,,252963001,"Prova de visió en l'infant","Proves complementàries","Documents",1,"No","No",
,01/05/2017,,257891001,"Teràpia fotodinàmica","Proves complementàries","Documents",1,"No","No",
,01/05/2017,,259393001,"Enteroscòpia diagnòstica","Proves complementàries","Documents / Imatge",2,"No","No",
,01/05/2017,,265232001,"Punció lumbar diagnòstica","Proves complementàries","Documents",1,"No","No",
,01/05/2017,,268445003,"Ecografia obstètrica","Proves complementàries","Documents / Imatge",2,"No","No",
,01/05/2017,,307280005,"Implantació marcapàs cardíac","Proves complementàries","Documents",1,"No","No",
,01/05/2017,,367535003,"Fibrocolonoscòpia","Proves complementàries","Documents / Imatge",2,"No","No",
,01/05/2017,,373681008,"Ecografia ginecològica ","Proves complementàries","Documents / Imatge",2,"No","No",
,01/05/2017,,386276009,"NST - monitoratge fetal electrònic","Proves complementàries","Documents",1,"No","No",
,01/05/2017,,386718000,"CREP- Colangiopancreatografia retrògrada endoscòpica","Proves complementàries","Documents / Imatge",2,"No","No",
,01/05/2017,,386722005,"Colangiografia retrògrada endo","Proves complementàries","Documents / Imatge",2,"No","No",
,01/05/2017,,386831001,"Gastroscòpia","Proves complementàries","Documents / Imatge",2,"No","No",
,01/05/2017,,392102003,"Endoscòpia de faringe","Proves complementàries","Documents / Imatge",2,"No","No",
,01/05/2017,,395218007,"Implantació desfibril·lador cardíac","Proves complementàries","Documents",1,"No","No",
,01/05/2017,,397397002,"Broncoscòpia rentat broncoalv","Proves complementàries","Documents / Imatge",2,"No","No",
,01/05/2017,,397521009,"Biomicroscòpia ultrasònica","Proves complementàries","Documents / Imatge",2,"No","No",
,01/05/2017,,398116004,"Potencials evocats somatosensorials","Proves complementàries","Documents",1,"No","No",
,01/05/2017,,398736007,"Electrooculografia","Proves complementàries","Documents",1,"No","No",
,01/05/2017,,401221002,"Index turmell-braç","Proves complementàries","Documents",1,"No","No",
,01/05/2017,,404933001,"Prova d'equilibri de Berg","Proves complementàries","Documents",1,"No","No",
,01/05/2017,,410442000,"Angiografia ocular","Proves complementàries","Documents / Imatge",2,"No","No",
,01/05/2017,,418090003,"Ecografia Doppler obstètrica","Proves complementàries","Documents / Imatge",2,"No","No",
,01/05/2017,,420213007,"Electroretinografia multifocal","Proves complementàries","Documents/Imatge",2,"No","No",
,01/05/2017,,424489006,"Prova de Mantoux","Proves complementàries","Documents",1,"No","No",
,01/05/2017,,427690002,"Dermatoscòpia diagnòstica","Proves complementàries","Documents / Imatge",2,"No","No",
,01/05/2017,,433153009,"Biòpsia coriònica amb guia eco. obst.","Proves complementàries","Documents",1,"No","No",
,01/05/2017,,433233004,"Ecocardiografia d'esforç","Proves complementàries","Documents / Imatge",2,"No","No",
,01/05/2017,,438818003,"Eco d'úter amb infusió salina","Proves complementàries","Documents / Imatge",2,"No","No",
,01/05/2017,,441491005,"Elastografia hepàtica","Proves complementàries","Documents / Imatge",2,"No","No",
,01/05/2017,,442013003,"Mesura monòxid carboni vol.corrent corregit","Proves complementàries","Documents",1,"No","No",
,01/05/2017,,446208007,"Ecografia segon trimestre","Proves complementàries","Documents / Imatge",2,"No","No",
,01/05/2017,,446353007,"Ecografia tercer trimestre","Proves complementàries","Documents / Imatge",2,"No","No",
,01/05/2017,,446460000,"Mesurament  pH esofàgic  24H","Proves complementàries","Documents",1,"No","No",
,01/05/2017,,446461001,"Provocació bronquial amb exercici","Proves complementàries","Documents",1,"No","No",
,01/05/2017,,446522006,"Ecografia primer trimestre","Proves complementàries","Documents / Imatge",2,"No","No",
,01/05/2017,,450556004,"Ecografia endoscòpica","Proves complementàries","Documents / Imatge",2,"No","No",
,01/05/2017,,711580002,"Cirurgia menor ambulatòria","Proves complementàries","Documents",1,"No","No",
,01/05/2017,,451000122108,"A.M.P.A. automonitoratge PA","Proves complementàries","Documents",1,"No","No",
,01/05/2017,,13211000122106,"Ecocardio estrès farmacològic","Proves complementàries","Documents / Imatge",2,"No","No",
,01/05/2017,,13261000122109,"EEG del son en polisomno amb CPAP","Proves complementàries","Documents",1,"No","No",
,01/05/2017,,13291000122103,"EEG del son en polisomno sense CPAP","Proves complementàries","Documents",1,"No","No",
,01/05/2017,,13321000122105,"PIM/PEM mesura pressions respirat. Màx.","Proves complementàries","Documents",1,"No","No",
,01/05/2017,,13351000122103,"Sniff/sneff - mesura pressions respirat. Màx","Proves complementàries","Documents",1,"No","No",
,01/05/2017,,15241000122106,"Polisomnografia amb CPAP","Proves complementàries","Documents",1,"No","No",
,01/05/2017,,15251000122108,"Audiometria tonal supraliminar","Proves complementàries","Documents",1,"No","No",
,01/05/2017,,15261000122105,"Audiometria tonal liminar","Proves complementàries","Documents",1,"No","No",
,01/05/2017,,15441000122107,"TCO de pol posterior","Proves complementàries","Documents / Imatge",2,"No","No",
,01/05/2017,,15451000122109,"TCO de pol anterior","Proves complementàries","Documents / Imatge",2,"No","No",
,01/05/2017,,110981000135100,"EEG pediàtric (de 0 a 14 anys)","Proves complementàries","Documents",1,"No","No",
,01/05/2017,,111021000135106,"EEG adult (a partir 14 anys)","Proves complementàries","Documents",1,"No","No",
,01/05/2017,,122771000135109,"Informe de Comitè Clínic","Informes Clínics","Documents",1,"No","Si",01/04/2019
,01/05/2017,,138381000135109,"Gràfica seguiment pes pediàtric","Informes Clínics","Documents",1,"No","Si",01/04/2019
,01/05/2017,,138391000135106,"Gràfica seguiment talla pediàtrica","Informes Clínics","Documents",1,"No","Si",01/04/2019
,01/05/2017,,204031000135109,"Colposcòpia cervical amb Lugol","Proves complementàries","Documents / Imatge",2,"No","No",
,01/05/2017,,204071000135106,"Eco 1er trim embaràs geminat","Proves complementàries","Documents / Imatge",2,"No","No",
,01/05/2017,,204111000135102,"Eco 1er trim embaràs trigèmins","Proves complementàries","Documents / Imatge",2,"No","No",
,01/05/2017,,204151000135103,"Eco 2on trim embaràs geminat","Proves complementàries","Documents / Imatge",2,"No","No",
,01/05/2017,,204191000135109,"Eco 2on trim embaràs trigèmins","Proves complementàries","Documents / Imatge",2,"No","No",
,01/05/2017,,204231000135102,"Eco 3er trim embaràs geminat","Proves complementàries","Documents / Imatge",2,"No","No",
,01/05/2017,,204271000135100,"Eco 3er trim embaràs trigèmins","Proves complementàries","Documents / Imatge",2,"No","No",
,01/05/2017,,"35317000 ","Tonometría ","Proves complementàries","Documents",1,"No","No",
,15/06/2017,,138751000135101,"Gràfica seguiment somatomètric (0-2 anys)","Informes Clínics","Documents",1,"No","Si",01/04/2019
,15/06/2017,,138761000135103,"Gràfica seguiment IMC (2-18 anys)","Informes Clínics","Documents",1,"No","Si",01/04/2019
,15/06/2017,,138771000135108,"Poligrafia","Proves complementàries","Documents",1,"No","No",
,15/06/2017,,138781000135105,"Poligrafia amb CPAP","Proves complementàries","Documents",1,"No","No",
,02/10/2017,,1029002,"Fetoscòpia","Proves Complementàries","Documents / Imatge",2,"No","No",
,02/10/2017,,"01090300","Densitometria òssia","Radiologia","Documents / Imatge",2,"No","No",
,02/10/2017,,"04000101","Ecografia de mama","Radiologia","Documents / Imatge",2,"No","No",
,02/10/2017,,"04000201","Ecografia axil·lar","Radiologia","Documents / Imatge",2,"No","No",
,02/10/2017,,"04000301","Ecografia de mama reev. Post-RMN","Radiologia","Documents / Imatge",2,"No","No",
,02/10/2017,,"04010101","Ecografia de tòrax","Radiologia","Documents / Imatge",2,"No","No",
,02/10/2017,,"04030101","Ecografia abdominal complerta","Radiologia","Documents / Imatge",2,"No","No",
,02/10/2017,,"04030201","Ecografia aparell urinari","Radiologia","Documents / Imatge",2,"No","No",
,02/10/2017,,"04030301","Ecografia abdomino-pèlvica","Radiologia","Documents / Imatge",2,"No","No",
,02/10/2017,,"04030401","Ecografia pèlvica","Radiologia","Documents / Imatge",2,"No","No",
,02/10/2017,,"04030501","Ecografia trasrrectal","Radiologia","Documents / Imatge",2,"No","No",
,02/10/2017,,"04040101","Ecografia oftàlmica","Radiologia","Documents / Imatge",2,"No","No",
,02/10/2017,,"04040201","Ecografia coll (tiroides, paratiroides, etc)","Radiologia","Documents / Imatge",2,"No","No",
,02/10/2017,,"04060100","Ecografia articular","Radiologia","Documents / Imatge",2,"No","No",
,02/10/2017,,"04060101","Ecografia espatlla","Radiologia","Documents / Imatge",2,"No","No",
,02/10/2017,,"04060102","Ecografia colze","Radiologia","Documents / Imatge",2,"No","No",
,02/10/2017,,"04060103","Ecografia canell","Radiologia","Documents / Imatge",2,"No","No",
,02/10/2017,,"04060104","Ecografia mà-dits","Radiologia","Documents / Imatge",2,"No","No",
,02/10/2017,,"04060105","Ecografia maluc","Radiologia","Documents / Imatge",2,"No","No",
,02/10/2017,,"04060106","Ecografia genoll","Radiologia","Documents / Imatge",2,"No","No",
,02/10/2017,,"04060107","Ecografia turmell","Radiologia","Documents / Imatge",2,"No","No",
,02/10/2017,,"04060108","Ecografia peu-dits","Radiologia","Documents / Imatge",2,"No","No",
,02/10/2017,,"04060200","Ecografia parts toves","Radiologia","Documents / Imatge",2,"No","No",
,02/10/2017,,"04060201","Ecografia nervi perifèric","Radiologia","Documents / Imatge",2,"No","No",
,02/10/2017,,"04060202","Ecografia plexe braquial","Radiologia","Documents / Imatge",2,"No","No",
,02/10/2017,,"04060203","Ecografia muscular","Radiologia","Documents / Imatge",2,"No","No",
,02/10/2017,,"04060204","Ecografia de pell","Radiologia","Documents / Imatge",2,"No","No",
,02/10/2017,,5025004,"Anàlisi esperma postvasectomia","Proves Complementàries","Documents",1,"No","No",
,02/10/2017,,6339003,"Audiometría joc condicionat","Proves Complementàries","Documents",1,"No","No",
,02/10/2017,,6615001,"Electroretinograma","Proves Complementàries","Documents / Imatge",2,"No","No",
,02/10/2017,,6708002,"Cordocentesis intrauterina","Proves Complementàries","Documents",1,"No","No",
,02/10/2017,,9061001,"Control del marcapàs","Proves Complementàries","Documents",1,"No","No",
,02/10/2017,,"09070102","Arteriografia EEII unilateral","Radiologia","Documents / Imatge",2,"No","No",
,02/10/2017,,"09070301","Flebografia EEII bilateral","Radiologia","Documents / Imatge",2,"No","No",
,02/10/2017,,"09070302","Flebografia EEII unilateral","Radiologia","Documents / Imatge",2,"No","No",
,02/10/2017,,13004001,"Proctosigmoidoscòpia  rígida ","Proves Complementàries","Documents / Imatge",2,"No","No",
,02/10/2017,,16830007,"Avaluació d'agudesa visual","Proves Complementàries","Documents",1,"No","No",
,02/10/2017,,17259005,"Estudi de la motilitat ocular","Proves Complementàries","Documents",1,"No","No",
,02/10/2017,,19875009,"Aspiració dx cos vítri","Proves Complementàries","Documents",1,"No","No",
,02/10/2017,,20552003,"Pletismografia","Proves Complementàries","Documents / Imatge",2,"No","No",
,02/10/2017,,20726006,"Mesura pressió esfínter Oddi","Proves Complementàries","Documents",1,"No","No",
,02/10/2017,,20933000,"Hepatoscòpia","Proves Complementàries","Documents / Imatge",2,"No","No",
,02/10/2017,,21032000,"Mapeig cardíac","Proves Complementàries","Documents",1,"No","No",
,02/10/2017,,21685006,"Estereofotografia","Proves Complementàries","Documents / Imatge",2,"No","No",
,02/10/2017,,22034001,"Ecografia pròstata transrectal","Proves Complementàries","Documents / Imatge",2,"No","No",
,02/10/2017,,23025002,"Estudi buidament gàstric ","Proves Complementàries","Documents",1,"No","No",
,02/10/2017,,23426006,"Mesurament funció respiratòria","Proves Complementàries","Documents",1,"No","No",
,02/10/2017,,23541008,"Fotocoagulació: làser argó","Proves Complementàries","Documents / Imatge",2,"No","No",
,02/10/2017,,26046004,"Prova esforç cicloergometre","Proves Complementàries","Documents / Imatge",2,"No","No",
,02/10/2017,,29651008,"Anàlisi complert d'esperma","Proves Complementàries","Documents",1,"No","No",
,02/10/2017,,33981001,"Miastenia gravis:Test tensilon","Proves Complementàries","Documents",1,"No","No",
,02/10/2017,,34271001,"Tolerància a la lactosa ","Proves Complementàries","Documents",1,"No","No",
,02/10/2017,,34945008,"Angiocardiografia","Proves Complementàries","Documents / Imatge",2,"No","No",
,02/10/2017,,39029006,"Electromiograma de l'ull","Proves Complementàries","Documents / Imatge",2,"No","No",
,02/10/2017,,40395007,"Aspiració dx càmara ant. ull ","Proves Complementàries","Documents",1,"No","No",
,02/10/2017,,40826009,"Ileoscòpia","Proves Complementàries","Documents / Imatge",2,"No","No",
,02/10/2017,,42587004,"Endoscòpia glàndula salival","Proves Complementàries","Documents / Imatge",2,"No","No",
,02/10/2017,,44441009,"Sigmoidoscòpia flexible ","Proves Complementàries","Documents / Imatge",2,"No","No",
,02/10/2017,,45076008,"Prova esforç del dos esglaons ","Proves Complementàries","Documents / Imatge",2,"No","No",
,02/10/2017,,49077009,"Fibroendoscòpia de la laringe","Proves Complementàries","Documents / Imatge",2,"No","No",
,02/10/2017,,49230008,"Endoscòpia d'esòfag","Proves Complementàries","Documents / Imatge",2,"No","No",
,02/10/2017,,49376005,"EMG esfínter uretral","Proves Complementàries","Documents / Imatge",2,"No","No",
,02/10/2017,,52621004,"Nefroscòpia","Proves Complementàries","Documents / Imatge",2,"No","No",
,02/10/2017,,53953003,"Estudi adaptació foscor ","Proves Complementàries","Documents",1,"No","No",
,02/10/2017,,56445006,"Espiro post-exercici","Proves Complementàries","Documents / Imatge",2,"No","No",
,02/10/2017,,62894000,"Electrococleografia","Proves Complementàries","Documents",1,"No","No",
,02/10/2017,,66456009,"Amnioscòpia","Proves Complementàries","Documents",1,"No","No",
,02/10/2017,,66608006,"Prova calòrica vestibular","Proves Complementàries","Documents",1,"No","No",
,02/10/2017,,67976002,"Culdoscòpia","Proves Complementàries","Documents / Imatge",2,"No","No",
,02/10/2017,,70057004,"Endoscopia del conducte ileal","Proves Complementàries","Documents / Imatge",2,"No","No",
,02/10/2017,,89212002,"Manometria urinària","Proves Complementàries","Documents",1,"No","No",
,02/10/2017,,113016006,"Espiro post-broncodilatador","Proves Complementàries","Documents / Imatge",2,"No","No",
,02/10/2017,,121826005,"Mesura de densitat òptica","Proves Complementàries","Documents",1,"No","No",
,02/10/2017,,127783003,"Espirometria","Proves complementàries","Documents / Imatge",2,"No","No",
,02/10/2017,,164755005,"Prova impedància acústica","Proves Complementàries","Documents",1,"No","No",
,02/10/2017,,172532006,"Capsulotom. cristalí làser YAG","Proves Complementàries","Documents",1,"No","No",
,02/10/2017,,235549002,"Coledocoscòpia","Proves Complementàries","Documents / Imatge",2,"No","No",
,02/10/2017,,236293006,"Uretroscòpia","Proves Complementàries","Documents / Imatge",2,"No","No",
,02/10/2017,,236839001,"Vulvoscòpia","Proves Complementàries","Documents / Imatge",2,"No","No",
,02/10/2017,,241149003,"Deglució x videofluoroscòpia","Proves Complementàries","Documents",1,"No","No",
,02/10/2017,,241415002,"Estudis metabòlics ","Proves Complementàries","Documents",1,"No","No",
,02/10/2017,,241446003,"Eco-Doppler vascular ","Proves Complementàries","Documents / Imatge",2,"No","No",
,02/10/2017,,241487002,"Ecografia de pròstata","Proves Complementàries","Documents / Imatge",2,"No","No",
,02/10/2017,,252094004,"Distància de claudicació","Proves Complementàries","Documents",1,"No","No",
,02/10/2017,,252173000,"Supresió Aldosterona ","Proves Complementàries","Documents",1,"No","No",
,02/10/2017,,252182006,"Estudi del ritme circadià","Proves Complementàries","Documents",1,"No","No",
,02/10/2017,,252243002,"Prova funció pancreàtica ","Proves Complementàries","Documents",1,"No","No",
,02/10/2017,,252251004,"Insulinoma:prova dejú ","Proves Complementàries","Documents",1,"No","No",
,02/10/2017,,252425004,"Electrofisiologia cardíaca","Proves Complementàries","Documents / Imatge",2,"No","No",
,02/10/2017,,252458008,"Pletismografia oclusió venosa","Proves Complementàries","Documents / Imatge",2,"No","No",
,02/10/2017,,252568001,"Pulsioximetria nocturna ","Proves Complementàries","Documents",1,"No","No",
,02/10/2017,,252589005,"Audiometria alta freqüència ","Proves Complementàries","Documents",1,"No","No",
,02/10/2017,,252592009,"Logoaudiometria","Proves Complementàries","Documents",1,"No","No",
,02/10/2017,,252603000,"Avaluació d'acúfens  ","Proves Complementàries","Documents",1,"No","No",
,02/10/2017,,252623004,"Prova d'emisió otoacústica","Proves Complementàries","Documents",1,"No","No",
,02/10/2017,,252632002,"Manometria gastrointestinal","Proves Complementàries","Documents",1,"No","No",
,02/10/2017,,252638003,"Electromiografia gàstrica","Proves Complementàries","Documents / Imatge",2,"No","No",
,02/10/2017,,252758009,"EMG esfínter anal","Proves Complementàries","Documents / Imatge",2,"No","No",
,02/10/2017,,252828005,"Queratometria","Proves Complementàries","Documents / Imatge",2,"No","No",
,02/10/2017,,252897007,"Cistometria de fluxe i pressió","Proves Complementàries","Documents",1,"No","No",
,02/10/2017,,252900000,"Perfil pressió uretral estàtica","Proves Complementàries","Documents",1,"No","No",
,02/10/2017,,274787008,"Exploració de la marxa","Proves Complementàries","Documents",1,"No","No",
,02/10/2017,,275218004,"Pieloscòpia","Proves Complementàries","Documents / Imatge",2,"No","No",
,02/10/2017,,275223004,"Bx.transabd.vellositats coriòniques","Proves Complementàries","Documents",1,"No","No",
,02/10/2017,,304690000,"Pletismografia de penis","Proves Complementàries","Documents / Imatge",2,"No","No",
,02/10/2017,,312713003,"Fotocoagulació panretiniana","Proves Complementàries","Documents / Imatge",2,"No","No",
,02/10/2017,,313194008,"Test O'Sullivan","Proves Complementàries","Documents",1,"No","No",
,02/10/2017,,373942005,"Alta mèdica internament","Informes Clínics","Documents",1,"No","Si",01/04/2019
,02/10/2017,,387717002,"Ureteroscòpia","Proves Complementàries","Documents / Imatge",2,"No","No",
,02/10/2017,,392002001,"Endoscòpia vagina","Proves Complementàries","Documents / Imatge",2,"No","No",
,02/10/2017,,394719009,"Ecodoppler artèria caròtida","Proves Complementàries","Documents / Imatge",2,"No","No",
,02/10/2017,,397278000,"Refracció cicloplègica","Proves Complementàries","Documents",1,"No","No",
,02/10/2017,,404655007,"Autofluorescència","Proves Complementàries","Documents",1,"No","No",
,02/10/2017,,410456003,"Paquimetria corneal","Proves Complementàries","Documents / Imatge",2,"No","No",
,02/10/2017,,412733003,"Làser diode.cicloablació transesclerot.","Proves Complementàries","Documents",1,"No","No",
,02/10/2017,,415038008,"Biometria òptica","Proves Complementàries","Documents",1,"No","No",
,02/10/2017,,418650002,"Ecografia i bx de pròstata ","Proves Complementàries","Documents / Imatge",2,"No","No",
,02/10/2017,,418762008,"Eco-Doppler de penis","Proves Complementàries","Documents / Imatge",2,"No","No",
,02/10/2017,,419174006,"Ecografia i bx de ronyó","Proves Complementàries","Documents / Imatge",2,"No","No",
,02/10/2017,,419486000,"Ecografia i bx tiroide","Proves Complementàries","Documents / Imatge",2,"No","No",
,02/10/2017,,422685009,"Prova esforç amb dipiridamol","Proves Complementàries","Documents / Imatge",2,"No","No",
,02/10/2017,,424225000,"Prova esforç amb dobutamina ","Proves Complementàries","Documents / Imatge",2,"No","No",
,02/10/2017,,424444005,"Prova d'esforç amb adenosina ","Proves Complementàries","Documents / Imatge",2,"No","No",
,02/10/2017,,427595003,"Endoscòpia capsular","Proves Complementàries","Documents / Imatge",2,"No","No",
,02/10/2017,,428769000,"Aspiració dx òrbita ","Proves Complementàries","Documents",1,"No","No",
,02/10/2017,,431323001,"Ecodoppler artèria EI","Proves Complementàries","Documents / Imatge",2,"No","No",
,02/10/2017,,431324007,"Ecodoppler artèria ES","Proves Complementàries","Documents / Imatge",2,"No","No",
,02/10/2017,,431605004,"Bx.transrectal pròst x eco","Proves Complementàries","Documents",1,"No","No",
,02/10/2017,,431648005,"Ecografia Doppler transcranial","Proves Complementàries","Documents / Imatge",2,"No","No",
,02/10/2017,,431818005,"Ecodoppler vena ES","Proves Complementàries","Documents / Imatge",2,"No","No",
,02/10/2017,,432336004,"Ecodoppler vena EI","Proves Complementàries","Documents / Imatge",2,"No","No",
,02/10/2017,,433235006,"Ecocardiografia fetal","Proves Complementàries","Documents / Imatge",2,"No","No",
,02/10/2017,,438787007,"Ecodoppler físt.A-V hemodiàl.","Proves Complementàries","Documents / Imatge",2,"No","No",
,02/10/2017,,440495009,"Eco-Doppler testicle","Proves Complementàries","Documents / Imatge",2,"No","No",
,02/10/2017,,441916006,"Mesura TMB","Proves Complementàries","Documents",1,"No","No",
,02/10/2017,,445042000,"Seguimient atenció esp. ambulatòria","Informes Clínics","Documents",1,"No","Si",01/04/2019
,02/10/2017,,446011004,"Ecografia endoscòpica de colon","Proves Complementàries","Documents / Imatge",2,"No","No",
,02/10/2017,,446976003,"Endosc. rígida nasofaringe","Proves Complementàries","Documents / Imatge",2,"No","No",
,02/10/2017,,1041000122103,"Alta urgències","Informes Clínics","Documents",1,"No","Si",01/04/2019
,02/10/2017,,1051000122101,"Atenció primària: inf. clínic","Informes Clínics","Documents",1,"No","Si",01/04/2019
,02/10/2017,,"1061000122104","Resultats de laboratori","Laboratori","Documents",1,"No","No",
,02/10/2017,,13231000122102,"Espiro forçada amb gaso art.","Proves Complementàries","Documents / Imatge",2,"No","No",
,02/10/2017,,113641000135109,"Cribratge càncer de mama","Informes Clínics","Documents",1,"No","No",
,02/10/2017,,114031000135105,"Inici d'atenció esp. ambulatòria","Informes Clínics","Documents",1,"No","Si",01/04/2019
,02/10/2017,,114071000135107,"Alta atenció esp. ambulatòria","Informes Clínics","Documents",1,"No","Si",01/04/2019
,02/10/2017,,114311000135101,"Prealta hospitalària","Informes Clínics","Documents",1,"No","Si",01/04/2019
,02/10/2017,,114431000135102,"Seguimient embaràs","Informes Clínics","Documents",1,"No","Si",01/04/2019
,02/10/2017,,114511000135107,"Atenció continuada domicili","Informes Clínics","Documents",1,"No","Si",01/04/2019
,02/10/2017,,114551000135106,"Pla d'intervenció individual compartit","Informes Clínics","Documents",1,"No","Si",01/04/2019
,02/10/2017,,114711000135102,"Serveis socials","Informes Clínics","Documents",1,"No","Si",01/04/2019
,02/10/2017,,115551000135107,"informe de citologia","Anatomia Patològica","Documents",1,"No","No",
,02/10/2017,,138451000135105,"Seguiment Rehabilitació","Informes Clínics","Documents",1,"No","Si",01/04/2019
,02/10/2017,,138461000135108,"Seguiment TAO","Informes Clínics","Documents",1,"No","No",
,02/10/2017,,138471000135103,"Cirurgia major ambulatòria","Informes Clínics","Documents",1,"No","Si",01/04/2019
,02/10/2017,,138941000135102,"Electromiograma de diafragma","Proves Complementàries","Documents / Imatge",2,"No","No",
,02/10/2017,,138951000135104,"Neurosonografia fetal","Proves Complementàries","Documents / Imatge",2,"No","No",
,02/10/2017,,138981000135108,"Ecoendo. pàncrees/vies biliars","Proves Complementàries","Documents / Imatge",2,"No","No",
,02/10/2017,,139021000135103,"Monitoratge press.intrabdom.","Proves Complementàries","Documents",1,"No","No",
,02/10/2017,,139041000135108,"Cromoendoscòpia de colon","Proves Complementàries","Documents / Imatge",2,"No","No",
,02/10/2017,,139051000135106,"Angiografia fluoresceínica","Proves Complementàries","Documents / Imatge",2,"No","No",
,02/10/2017,,139061000135109,"Angiografia verd indocianina","Proves Complementàries","Documents / Imatge",2,"No","No",
,02/10/2017,,139071000135104,"Prova rotatòria","Proves Complementàries","Documents",1,"No","No",
,02/10/2017,,139081000135102,"Cribratge DM gestacional","Proves Complementàries","Documents",1,"No","No",
,02/10/2017,,139091000135100,"Termotest","Proves Complementàries","Documents",1,"No","No",
,02/10/2017,,139101000135106,"Provocació Sd. Brugada ","Proves Complementàries","Documents",1,"No","No",
,02/10/2017,,139111000135108,"Informe SEM","Informes Clínics","Documents",1,"No","No",
,02/10/2017,,203951000135102,"Eco-Doppler penis:Inj.Prostag.","Proves Complementàries","Documents / Imatge",2,"No","No",
,02/10/2017,,203991000135108,"Ecografia sòl pèlvic","Proves Complementàries","Documents / Imatge",2,"No","No",
,02/10/2017,,204611000135105,"Microscop.refractària confocal","Proves Complementàries","Documents / Imatge",2,"No","No",
,02/10/2017,,206391000135104,"Hospital de dia","Informes Clínics","Documents",1,"No","Si",01/04/2019
,02/10/2017,,206401000135101,"Alta Infermeria internament","Informes Clínics","Documents",1,"No","Si",01/04/2019
,02/10/2017,,206411000135104,"Situació funcional","Informes Clínics","Documents",1,"No","Si",01/04/2019
,02/10/2017,,206421000135108,"informe d'estudis especials","Anatomia Patològica","Documents",1,"No","No",
,02/10/2017,,206431000135105,"informe d'autòpsia","Anatomia Patològica","Documents",1,"No","No",
,02/10/2017,,206441000135103,"informe de biòpsia","Anatomia Patològica","Documents",1,"No","No",
,02/10/2017,,"
252543003","Calorimetria indirecta","Proves Complementàries","Documents",1,"No","No",
,02/10/2017,,"138441000135107 ","Cribratge càncer de colon","Informes Clínics","Documents",1,"No","No",
,03/10/2017,,"04080401","Ecografia transfontanelar","Radiologia","Documents / Imatge",2,"No","No",
,04/10/2017,,"04071301","Ecodoppler renal","Radiologia","Documents / Imatge",2,"No","No",
,05/10/2017,,"01041101","Rx dental individual intrabucal","Radiologia","Documents / Imatge",2,"No","No",
,01/01/2018,,"0101","Gamma cortocircuits cardíacs","Medicina Nuclear","Documents / Imatge",2,"No","No",
,01/01/2018,,"0102","Gamma miocard. pirofosfats","Medicina Nuclear","Documents / Imatge",2,"No","No",
,01/01/2018,,"0103","Gamma miocàrdica inervació","Medicina Nuclear","Documents / Imatge",2,"No","No",
,01/01/2018,,"0104","Gamma miocàrd. perfus.(repós)","Medicina Nuclear","Documents / Imatge",2,"No","No",
,01/01/2018,,"0105","Perfus.miocàrd.estímul fisiol.","Medicina Nuclear","Documents / Imatge",2,"No","No",
,01/01/2018,,"0106","Gamma miocàrd perfus. (Adenos)","Medicina Nuclear","Documents / Imatge",2,"No","No",
,01/01/2018,,"0107","Gamma miocàrd perfus.(Dipirid.)","Medicina Nuclear","Documents / Imatge",2,"No","No",
,01/01/2018,,"0108","Gamma miocàrd perfus. (Dobuta)","Medicina Nuclear","Documents / Imatge",2,"No","No",
,01/01/2018,,"0109","Perfus.miocàrd.tras reinjecció","Medicina Nuclear","Documents / Imatge",2,"No","No",
,01/01/2018,,"0110","SPECT miocàrd. amb pirofosfats","Medicina Nuclear","Documents / Imatge",2,"No","No",
,01/01/2018,,"0111","SPECT miocárdica de inervación","Medicina Nuclear","Documents / Imatge",2,"No","No",
,01/01/2018,,"0112","SPECT miocàrd. perfus. (repós)","Medicina Nuclear","Documents / Imatge",2,"No","No",
,01/01/2018,,"0113","SPECT miocàrd.perfus estim.fisiol","Medicina Nuclear","Documents / Imatge",2,"No","No",
,01/01/2018,,"0114","SPECT miocàrd.perfus (Adenos.)","Medicina Nuclear","Documents / Imatge",2,"No","No",
,01/01/2018,,"0115","SPECT miocàrd perfus (Dipirid)","Medicina Nuclear","Documents / Imatge",2,"No","No",
,01/01/2018,,"0116","SPECT miocàrd perfus (Dobuta)","Medicina Nuclear","Documents / Imatge",2,"No","No",
,01/01/2018,,"0117","SPECT miocàrd perfus reinjecc.","Medicina Nuclear","Documents / Imatge",2,"No","No",
,01/01/2018,,"0118","SPECT-TAC miocàrd (pirofosfat)","Medicina Nuclear","Documents / Imatge",2,"No","No",
,01/01/2018,,"0119","SPECT-TAC miocàrd inervació","Medicina Nuclear","Documents / Imatge",2,"No","No",
,01/01/2018,,"0120","SPECT-TAC miocàrd perfus (repós)","Medicina Nuclear","Documents / Imatge",2,"No","No",
,01/01/2018,,"0121","SPECT-TAC miocàrd perfus estim.fisiol.","Medicina Nuclear","Documents / Imatge",2,"No","No",
,01/01/2018,,"0122","SPECT-TAC miocàrd perfus (Adenos)","Medicina Nuclear","Documents / Imatge",2,"No","No",
,01/01/2018,,"0123","SPECT-TAC miocàrd perfus (Dipirid)","Medicina Nuclear","Documents / Imatge",2,"No","No",
,01/01/2018,,"0124","SPECT-TAC miocàrd perfus (Dobuta)","Medicina Nuclear","Documents / Imatge",2,"No","No",
,01/01/2018,,"0125","SPECT-TAC miocàrd perfus reinjecc.","Medicina Nuclear","Documents / Imatge",2,"No","No",
,01/01/2018,,"0126","GATED SPECT miocàrd perfus (repós)","Medicina Nuclear","Documents / Imatge",2,"No","No",
,01/01/2018,,"0127","GATED SPECT miocàrd perfus estim.fisiol.","Medicina Nuclear","Documents / Imatge",2,"No","No",
,01/01/2018,,"0128","GATED SPECT miocàrd perfus (Adenos)","Medicina Nuclear","Documents / Imatge",2,"No","No",
,01/01/2018,,"0129","GATED SPECT miocàrd perfus (Dipirid)","Medicina Nuclear","Documents / Imatge",2,"No","No",
,01/01/2018,,"0130","GATED SPECT miocàrd perfus (Dobuta)","Medicina Nuclear","Documents / Imatge",2,"No","No",
,01/01/2018,,"0131","GATED SPECT miocàrd perfus reinjecc.","Medicina Nuclear","Documents / Imatge",2,"No","No",
,01/01/2018,,"0132","PET miocàrd fluordesoxiglucosa-F18","Medicina Nuclear","Documents / Imatge",2,"No","No",
,01/01/2018,,"0135","GATED-PET miocàrd fluordesoxiglucosa-F18","Medicina Nuclear","Documents / Imatge",2,"No","No",
,01/01/2018,,"0136","GATED-PET miocàrd flux 13N-Amoni (esforç)","Medicina Nuclear","Documents / Imatge",2,"No","No",
,01/01/2018,,"0137","GATED-PET miocàrd flux 13N-Amoni (repós)","Medicina Nuclear","Documents / Imatge",2,"No","No",
,01/01/2018,,"0138","PET-TAC miocàrd fluordesoxiglucosa-F18","Medicina Nuclear","Documents / Imatge",2,"No","No",
,01/01/2018,,"0139","PET-TAC miocàrd flux 13N-Amoni (esforç)","Medicina Nuclear","Documents / Imatge",2,"No","No",
,01/01/2018,,"0140","PET-TAC miocàrd flux 13N-Amoni (repós)","Medicina Nuclear","Documents / Imatge",2,"No","No",
,01/01/2018,,"0141","Ventriculogr. 1er pas estim.fisiol.","Medicina Nuclear","Documents / Imatge",2,"No","No",
,01/01/2018,,"0142","Ventriculogr. 1er pas estim farmac.","Medicina Nuclear","Documents / Imatge",2,"No","No",
,01/01/2018,,"0143","Ventriculogr.isotòp.equilibri (esforç)","Medicina Nuclear","Documents / Imatge",2,"No","No",
,01/01/2018,,"0144","Ventriculogr.isotòp equilibri (repós)","Medicina Nuclear","Documents / Imatge",2,"No","No",
,01/01/2018,,"0145","Ventriculogr.equilibri estim. fisiol.","Medicina Nuclear","Documents / Imatge",2,"No","No",
,01/01/2018,,"0146","Ventriculogr.equilibri estim. Farmac","Medicina Nuclear","Documents / Imatge",2,"No","No",
,01/01/2018,,"0147","Ventriculogr.isotòp.1er pas (esforç)","Medicina Nuclear","Documents / Imatge",2,"No","No",
,01/01/2018,,"0148","Ventriculogr.isotòp 1er pas (repós)","Medicina Nuclear","Documents / Imatge",2,"No","No",
,01/01/2018,,"0149","Ventriculogr.GATED SPECT f.ventricul.","Medicina Nuclear","Documents / Imatge",2,"No","No",
,01/01/2018,,"0150","PET-TAC miocàrd flux 82-Rubidi (esforç)","Medicina Nuclear","Documents / Imatge",2,"No","No",
,01/01/2018,,"0151","PET-TAC miocàrd flux 82-Rubidi (repós)","Medicina Nuclear","Documents / Imatge",2,"No","No",
,01/01/2018,,"0152","PET miocàrd flux sanguini (esforç)","Medicina Nuclear","Documents / Imatge",2,"No","No",
,01/01/2018,,"0153","PET miocàrd flux sanguíni (repós)","Medicina Nuclear","Documents / Imatge",2,"No","No",
,01/01/2018,,"0154","PET-RNM FDG-F18 cardiaca","Medicina Nuclear","Documents / Imatge",2,"No","No",
,01/01/2018,,"0201","Gammagrafia tiroïdal","Medicina Nuclear","Documents / Imatge",2,"No","No",
,01/01/2018,,"0202","Captació tiroïdal de iode","Medicina Nuclear","Documents / Imatge",2,"No","No",
,01/01/2018,,"0203","Cinètica tiroïdal del iode","Medicina Nuclear","Documents / Imatge",2,"No","No",
,01/01/2018,,"0204","Estudi cos sencer I123","Medicina Nuclear","Documents / Imatge",2,"No","No",
,01/01/2018,,"0205","Gamma cos sencer  I131","Medicina Nuclear","Documents / Imatge",2,"No","No",
,01/01/2018,,"0206","Estudi cos sencer MIBG I123/I131","Medicina Nuclear","Documents / Imatge",2,"No","No",
,01/01/2018,,"0208","Estudi cos sencer amb somatostatina ","Medicina Nuclear","Documents / Imatge",2,"No","No",
,01/01/2018,,"0209","Gammagrafia de paratiroide","Medicina Nuclear","Documents / Imatge",2,"No","No",
,01/01/2018,,"0210","Gamma pàncrees transplantat","Medicina Nuclear","Documents / Imatge",2,"No","No",
,01/01/2018,,"0211","Gamma suprarrenal cortical","Medicina Nuclear","Documents / Imatge",2,"No","No",
,01/01/2018,,"0212","Gamma suprarrenal cortical postfrenació","Medicina Nuclear","Documents / Imatge",2,"No","No",
,01/01/2018,,"0213","Gamma suprarrenal medular","Medicina Nuclear","Documents / Imatge",2,"No","No",
,01/01/2018,,"0214","SPECT de paratiroide","Medicina Nuclear","Documents / Imatge",2,"No","No",
,01/01/2018,,"0215","SPECT receptors somatostatina ","Medicina Nuclear","Documents / Imatge",2,"No","No",
,01/01/2018,,"0217","SPECT-TAC de paratiroide","Medicina Nuclear","Documents / Imatge",2,"No","No",
,01/01/2018,,"0218","SPECT-TAC receptors somatostatina ","Medicina Nuclear","Documents / Imatge",2,"No","No",
,01/01/2018,,"0220","PET-TAC cos sencer FDG-F18 en T. Endocrins","Medicina Nuclear","Documents / Imatge",2,"No","No",
,01/01/2018,,"0221","PET cos sencer FDG-F18 en T. Endocrins","Medicina Nuclear","Documents / Imatge",2,"No","No",
,01/01/2018,,"0222","Estudi cos sencer I123/I131 rhTSH","Medicina Nuclear","Documents / Imatge",2,"No","No",
,01/01/2018,,"0223","SPECT amb I123","Medicina Nuclear","Documents / Imatge",2,"No","No",
,01/01/2018,,"0224","SPECT I123/I131 tras rh TSH","Medicina Nuclear","Documents / Imatge",2,"No","No",
,01/01/2018,,"0225","SPECT/TAC amb I123","Medicina Nuclear","Documents / Imatge",2,"No","No",
,01/01/2018,,"0226","SPECT/TAC  I123/I131 tras rh TSH","Medicina Nuclear","Documents / Imatge",2,"No","No",
,01/01/2018,,"0227","SPECT amb MIBG I123/I131","Medicina Nuclear","Documents / Imatge",2,"No","No",
,01/01/2018,,"0228","SPECT/TAC amb MIBG I123/I131","Medicina Nuclear","Documents / Imatge",2,"No","No",
,01/01/2018,,"0301","Angiogamma hepatoesplènica","Medicina Nuclear","Documents / Imatge",2,"No","No",
,01/01/2018,,"0302","Cuantific. radiois.pèrdua protein. digest.","Medicina Nuclear","Documents / Imatge",2,"No","No",
,01/01/2018,,"0303","Cuantific. radiois.sang en femta","Medicina Nuclear","Documents / Imatge",2,"No","No",
,01/01/2018,,"0304","Estudi radiois.permeabil.intestinal","Medicina Nuclear","Documents / Imatge",2,"No","No",
,01/01/2018,,"0305","Gamma anticossos monoclonals anti-CEA","Medicina Nuclear","Documents / Imatge",2,"No","No",
,01/01/2018,,"0306","Gamma leucocits marcats en EII","Medicina Nuclear","Documents / Imatge",2,"No","No",
,01/01/2018,,"0307","Gamma cortocircuits intestin.","Medicina Nuclear","Documents / Imatge",2,"No","No",
,01/01/2018,,"0308","Gamma cortocircuits vascul.","Medicina Nuclear","Documents / Imatge",2,"No","No",
,01/01/2018,,"0309","Gamma derivacions peritonials","Medicina Nuclear","Documents / Imatge",2,"No","No",
,01/01/2018,,"0310","Gammagrafia d'hemangiomes","Medicina Nuclear","Documents / Imatge",2,"No","No",
,01/01/2018,,"0311","Gamma hemorr.digest.Coloides","Medicina Nuclear","Documents / Imatge",2,"No","No",
,01/01/2018,,"0312","Gamma hemorr.digest.hematies marcats","Medicina Nuclear","Documents / Imatge",2,"No","No",
,01/01/2018,,"0313","Gamma hepàtica perfusió (microesferes)","Medicina Nuclear","Documents / Imatge",2,"No","No",
,01/01/2018,,"0314","Gamma mucosa gàstrica ectòpica","Medicina Nuclear","Documents / Imatge",2,"No","No",
,01/01/2018,,"0315","Gamma reflux enterogàstric","Medicina Nuclear","Documents / Imatge",2,"No","No",
,01/01/2018,,"0316","Gamma reflux gastroesofàgic","Medicina Nuclear","Documents / Imatge",2,"No","No",
,01/01/2018,,"0317","Gamma trànsit esofàgic","Medicina Nuclear","Documents / Imatge",2,"No","No",
,01/01/2018,,"0318","Gamma trànsit intestinal","Medicina Nuclear","Documents / Imatge",2,"No","No",
,01/01/2018,,"0319","Gamma buidament gàstric","Medicina Nuclear","Documents / Imatge",2,"No","No",
,01/01/2018,,"0320","Gammagrafia hepatobiliar","Medicina Nuclear","Documents / Imatge",2,"No","No",
,01/01/2018,,"0321","Gamma hepatobil. estim. fisiol.","Medicina Nuclear","Documents / Imatge",2,"No","No",
,01/01/2018,,"0322","Gamma hepatobil interv. farmacol.","Medicina Nuclear","Documents / Imatge",2,"No","No",
,01/01/2018,,"0323","Gammagrafia hepatoesplénica","Medicina Nuclear","Documents / Imatge",2,"No","No",
,01/01/2018,,"0324","Gammagrafia salival","Medicina Nuclear","Documents / Imatge",2,"No","No",
,01/01/2018,,"0326","Prova d'alè amb Aminopirina","Medicina Nuclear","Documents / Imatge",2,"No","No",
,01/01/2018,,"0327","Prova d'alè amb Coligicina","Medicina Nuclear","Documents / Imatge",2,"No","No",
,01/01/2018,,"0328","Prova d'alè amb Trileina","Medicina Nuclear","Documents / Imatge",2,"No","No",
,01/01/2018,,"0330","SPECT amb AC monoclonals anti-CEA","Medicina Nuclear","Documents / Imatge",2,"No","No",
,01/01/2018,,"0331","SPECT amb leucocits marcats en EII","Medicina Nuclear","Documents / Imatge",2,"No","No",
,01/01/2018,,"0332","SPECT d'hemangiomes","Medicina Nuclear","Documents / Imatge",2,"No","No",
,01/01/2018,,"0333","SPECT hepatobiliar","Medicina Nuclear","Documents / Imatge",2,"No","No",
,01/01/2018,,"0334","SPECT hepatoesplénica","Medicina Nuclear","Documents / Imatge",2,"No","No",
,01/01/2018,,"0335","SPECT-TAC AC monoclonals anti-CEA","Medicina Nuclear","Documents / Imatge",2,"No","No",
,01/01/2018,,"0336","SPECT-TAC leucocits marcats en EII","Medicina Nuclear","Documents / Imatge",2,"No","No",
,01/01/2018,,"0337","SPECT-TAC d'hemangiomes","Medicina Nuclear","Documents / Imatge",2,"No","No",
,01/01/2018,,"0338","SPECT-TAC hepatobiliar","Medicina Nuclear","Documents / Imatge",2,"No","No",
,01/01/2018,,"0339","SPECT-TAC hepatoesplénica","Medicina Nuclear","Documents / Imatge",2,"No","No",
,01/01/2018,,"0401","Cinètica eritrocitària","Medicina Nuclear","Documents / Imatge",2,"No","No",
,01/01/2018,,"0402","Cinètica plaquetària","Medicina Nuclear","Documents / Imatge",2,"No","No",
,01/01/2018,,"0403","Estudi cos sencer Ga67 hematologia","Medicina Nuclear","Documents / Imatge",2,"No","No",
,01/01/2018,,"0405","Gamma medul·la eritropoiètica ","Medicina Nuclear","Documents / Imatge",2,"No","No",
,01/01/2018,,"0406","Gamma medul·la granulopoièt.","Medicina Nuclear","Documents / Imatge",2,"No","No",
,01/01/2018,,"0407","Gamma médul·la macrofàgica ","Medicina Nuclear","Documents / Imatge",2,"No","No",
,01/01/2018,,"0408","Gamma esplènica amb col·loide","Medicina Nuclear","Documents / Imatge",2,"No","No",
,01/01/2018,,"0409","Gamma esplènica hemat.desnaturalitz.","Medicina Nuclear","Documents / Imatge",2,"No","No",
,01/01/2018,,"0411","SPECTamb Ga67 en Hematologia","Medicina Nuclear","Documents / Imatge",2,"No","No",
,01/01/2018,,"0412","SPECT  hemat. desnaturalitz.","Medicina Nuclear","Documents / Imatge",2,"No","No",
,01/01/2018,,"0413","SPECT-TAC hemat. desnaturalitz.","Medicina Nuclear","Documents / Imatge",2,"No","No",
,01/01/2018,,"0414","PET cos sencer FDG-F18  Hematologia","Medicina Nuclear","Documents / Imatge",2,"No","No",
,01/01/2018,,"0415","PET-TAC cos sencer FDG-F18 Hematologia","Medicina Nuclear","Documents / Imatge",2,"No","No",
,01/01/2018,,"0416","Volum globular","Medicina Nuclear","Documents / Imatge",2,"No","No",
,01/01/2018,,"0501","Angiogammagrafia renal","Medicina Nuclear","Documents / Imatge",2,"No","No",
,01/01/2018,,"0502","Angiogammagrafia testicular","Medicina Nuclear","Documents / Imatge",2,"No","No",
,01/01/2018,,"0503","Cistogammagrafia directa","Medicina Nuclear","Documents / Imatge",2,"No","No",
,01/01/2018,,"0504","Cistogammagrafia indirecta","Medicina Nuclear","Documents / Imatge",2,"No","No",
,01/01/2018,,"0505","Filtrat glomerular","Medicina Nuclear","Documents / Imatge",2,"No","No",
,01/01/2018,,"0507","Gammagrafia renal","Medicina Nuclear","Documents / Imatge",2,"No","No",
,01/01/2018,,"0508","Gamma renal plaquetes marcades","Medicina Nuclear","Documents / Imatge",2,"No","No",
,01/01/2018,,"0509","Renograma","Medicina Nuclear","Documents / Imatge",2,"No","No",
,01/01/2018,,"0510","Renograma diurètic","Medicina Nuclear","Documents / Imatge",2,"No","No",
,01/01/2018,,"0511","Renograma post-IECA","Medicina Nuclear","Documents / Imatge",2,"No","No",
,01/01/2018,,"0512","Taxa extracció tubular renal","Medicina Nuclear","Documents / Imatge",2,"No","No",
,01/01/2018,,"0513","Tomogammagrafia (SPECT) renal","Medicina Nuclear","Documents / Imatge",2,"No","No",
,01/01/2018,,"0514","SPECT-TAC renal","Medicina Nuclear","Documents / Imatge",2,"No","No",
,01/01/2018,,"0517","PET amb acetato-C11","Medicina Nuclear","Documents / Imatge",2,"No","No",
,01/01/2018,,"0518","PET-TAC amb acetato-C11","Medicina Nuclear","Documents / Imatge",2,"No","No",
,01/01/2018,,"0601","Quantificació radiois.aclar.alveolocapil·lar","Medicina Nuclear","Documents / Imatge",2,"No","No",
,01/01/2018,,"0602","Quantific.radiois.cinètica ciliar","Medicina Nuclear","Documents / Imatge",2,"No","No",
,01/01/2018,,"0603","Gamma curtcircuits dreta-esquerra","Medicina Nuclear","Documents / Imatge",2,"No","No",
,01/01/2018,,"0605","Gamma receptors somatost. pulmonar","Medicina Nuclear","Documents / Imatge",2,"No","No",
,01/01/2018,,"0606","Gamma pulmon. citrat gali-Ga67","Medicina Nuclear","Documents / Imatge",2,"No","No",
,01/01/2018,,"0607","Gamma pulmon.de perfusió","Medicina Nuclear","Documents / Imatge",2,"No","No",
,01/01/2018,,"0608","Gamma pulmon. de ventilació","Medicina Nuclear","Documents / Imatge",2,"No","No",
,01/01/2018,,"0609","SPECT de perfusió","Medicina Nuclear","Documents / Imatge",2,"No","No",
,01/01/2018,,"0610","SPECT de ventilació","Medicina Nuclear","Documents / Imatge",2,"No","No",
,01/01/2018,,"0611","SPECT-TAC de perfusió","Medicina Nuclear","Documents / Imatge",2,"No","No",
,01/01/2018,,"0612","SPECT-TAC de ventilació","Medicina Nuclear","Documents / Imatge",2,"No","No",
,01/01/2018,,"0613","SPECT  recept. somatost. pulm.","Medicina Nuclear","Documents / Imatge",2,"No","No",
,01/01/2018,,"0614","SPECT toràcica amb citrat de gali-Ga67","Medicina Nuclear","Documents / Imatge",2,"No","No",
,01/01/2018,,"0615","SPECT-TAC  recept.  somatost. pulm.","Medicina Nuclear","Documents / Imatge",2,"No","No",
,01/01/2018,,"0616","SPECT-TAC toràcica Ga67","Medicina Nuclear","Documents / Imatge",2,"No","No",
,01/01/2018,,"0617","PETFDG-F18 pulmonar","Medicina Nuclear","Documents / Imatge",2,"No","No",
,01/01/2018,,"0618","PET-TAC FDG-F18 pulmonar","Medicina Nuclear","Documents / Imatge",2,"No","No",
,01/01/2018,,"0701","Angiogammagrafia cerebral","Medicina Nuclear","Documents / Imatge",2,"No","No",
,01/01/2018,,"0702","Cisternogammagrafia","Medicina Nuclear","Documents / Imatge",2,"No","No",
,01/01/2018,,"0703","Gammagrafia Plexes coroides","Medicina Nuclear","Documents / Imatge",2,"No","No",
,01/01/2018,,"0704","Gammagrafia cerebral","Medicina Nuclear","Documents / Imatge",2,"No","No",
,01/01/2018,,"0705","Gamma mort cerebral flux sang.","Medicina Nuclear","Documents / Imatge",2,"No","No",
,01/01/2018,,"0707","SPECT cerebral neuro-receptors","Medicina Nuclear","Documents / Imatge",2,"No","No",
,01/01/2018,,"0708","SPECT cerebral de perfusió","Medicina Nuclear","Documents / Imatge",2,"No","No",
,01/01/2018,,"0709","SPECT cerebral perfus estím.fisiol.","Medicina Nuclear","Documents / Imatge",2,"No","No",
,01/01/2018,,"0710","SPECT cerebral perfus interv.farmacol.","Medicina Nuclear","Documents / Imatge",2,"No","No",
,01/01/2018,,"0711","SPECT cerebral dopamina","Medicina Nuclear","Documents / Imatge",2,"No","No",
,01/01/2018,,"0712","SPECT-TAC cereb. traçadors tumor.","Medicina Nuclear","Documents / Imatge",2,"No","No",
,01/01/2018,,"0713","SPECT-TAC cereb.neuro-receptors","Medicina Nuclear","Documents / Imatge",2,"No","No",
,01/01/2018,,"0714","SPECT-TAC cerebral perfusió","Medicina Nuclear","Documents / Imatge",2,"No","No",
,01/01/2018,,"0715","SPECT-TAC cereb.perfus estím.fisiol.","Medicina Nuclear","Documents / Imatge",2,"No","No",
,01/01/2018,,"0716","SPECT-TAC cereb.perfus interv.farmacol","Medicina Nuclear","Documents / Imatge",2,"No","No",
,01/01/2018,,"0717","SPECT-TAC cereb.transp. dopamina","Medicina Nuclear","Documents / Imatge",2,"No","No",
,01/01/2018,,"0718","PET cereb.fluordesoxiglucosa-F18","Medicina Nuclear","Documents / Imatge",2,"No","No",
,01/01/2018,,"0721","PET cerebral amb F18 -DOPA","Medicina Nuclear","Documents / Imatge",2,"No","No",
,01/01/2018,,"0722","PET cerebral neuro-receptors","Medicina Nuclear","Documents / Imatge",2,"No","No",
,01/01/2018,,"0723","PET-TAC cereb.fluordesoxiglucosa-F18","Medicina Nuclear","Documents / Imatge",2,"No","No",
,01/01/2018,,"0725","PET-TAC cerebral perfusió","Medicina Nuclear","Documents / Imatge",2,"No","No",
,01/01/2018,,"0726","PET-TAC cerebral F18 -DOPA","Medicina Nuclear","Documents / Imatge",2,"No","No",
,01/01/2018,,"0727","PET-TAC cereb. neuro-receptors","Medicina Nuclear","Documents / Imatge",2,"No","No",
,01/01/2018,,"0728","PET cereb.18F-Fluoro-etil-Tirosina","Medicina Nuclear","Documents / Imatge",2,"No","No",
,01/01/2018,,"0729","PETcerebral C11 metionina","Medicina Nuclear","Documents / Imatge",2,"No","No",
,01/01/2018,,"0730","PET cerebral de perfusió","Medicina Nuclear","Documents / Imatge",2,"No","No",
,01/01/2018,,"0731","PET-TAC cereb.18F-Fluoro-etil-Tirosina ","Medicina Nuclear","Documents / Imatge",2,"No","No",
,01/01/2018,,"0732","PET-TAC cerebral C11 metionina","Medicina Nuclear","Documents / Imatge",2,"No","No",
,01/01/2018,,"0801","Densitometria  selectiva","Medicina Nuclear","Documents / Imatge",2,"No","No",
,01/01/2018,,"0802","DM cos sencer/múltipl select.","Medicina Nuclear","Documents / Imatge",2,"No","No",
,01/01/2018,,"0803","Gammagrafia òssia cos sencer","Medicina Nuclear","Documents / Imatge",2,"No","No",
,01/01/2018,,"0804","Gamma medul·la macrofàgica ","Medicina Nuclear","Documents / Imatge",2,"No","No",
,01/01/2018,,"0805","Gamma òssia citrat de gali-67","Medicina Nuclear","Documents / Imatge",2,"No","No",
,01/01/2018,,"0806","Gamma òssia leucòcits marcats in vitro","Medicina Nuclear","Documents / Imatge",2,"No","No",
,01/01/2018,,"0807","Gamma òssia leucòcits marcats in vivo","Medicina Nuclear","Documents / Imatge",2,"No","No",
,01/01/2018,,"0810","Gamma òssia select.(dues fases)","Medicina Nuclear","Documents / Imatge",2,"No","No",
,01/01/2018,,"0811","Rastreig gammagràfic amb Igs","Medicina Nuclear","Documents / Imatge",2,"No","No",
,01/01/2018,,"0812","SPECT ossi","Medicina Nuclear","Documents / Imatge",2,"No","No",
,01/01/2018,,"0813","SPECT-TAC ossi","Medicina Nuclear","Documents / Imatge",2,"No","No",
,01/01/2018,,"0815","PET ossi fluordesoxiglucosa-F18","Medicina Nuclear","Documents / Imatge",2,"No","No",
,01/01/2018,,"0817","PET-TAC ossi fluordesoxiglucosa-F18","Medicina Nuclear","Documents / Imatge",2,"No","No",
,01/01/2018,,"0818","Gamma òssia select.(tres fases)","Medicina Nuclear","Documents / Imatge",2,"No","No",
,01/01/2018,,"0819","PET ossi 18 Fluorur","Medicina Nuclear","Documents / Imatge",2,"No","No",
,01/01/2018,,"0901","Angiogammagrafia","Medicina Nuclear","Documents / Imatge",2,"No","No",
,01/01/2018,,"0902","Flebogammagrafia directa","Medicina Nuclear","Documents / Imatge",2,"No","No",
,01/01/2018,,"0903","Flebogammagrafia indirecta","Medicina Nuclear","Documents / Imatge",2,"No","No",
,01/01/2018,,"0904","Gammagrafia de la trombosi","Medicina Nuclear","Documents / Imatge",2,"No","No",
,01/01/2018,,"0905","Linfogammagrafia","Medicina Nuclear","Documents / Imatge",2,"No","No",
,01/01/2018,,1001,"Detecció gammagràf.gangli sentinella","Medicina Nuclear","Documents / Imatge",2,"No","No",
,01/01/2018,,1002,"Detecció intraop.de tumors","Medicina Nuclear","Documents / Imatge",2,"No","No",
,01/01/2018,,1003,"Detecció intraop.gangli sentinella","Medicina Nuclear","Documents / Imatge",2,"No","No",
,01/01/2018,,1004,"Estudi cos sencer AC monoclonals","Medicina Nuclear","Documents / Imatge",2,"No","No",
,01/01/2018,,1005,"Gamma cos sencer anti-CEA","Medicina Nuclear","Documents / Imatge",2,"No","No",
,01/01/2018,,1006,"Gammagrafia oncològica Ga67","Medicina Nuclear","Documents / Imatge",2,"No","No",
,01/01/2018,,1007,"Gammagrafia cos sencer Tl201","Medicina Nuclear","Documents / Imatge",2,"No","No",
,01/01/2018,,1008,"Gamma cos sencer DMSA (V) 99mTc","Medicina Nuclear","Documents / Imatge",2,"No","No",
,01/01/2018,,1009,"Gammagrafia oncològica  MIBG","Medicina Nuclear","Documents / Imatge",2,"No","No",
,01/01/2018,,1010,"Gamma oncològica MIBI-Tc99m","Medicina Nuclear","Documents / Imatge",2,"No","No",
,01/01/2018,,1011,"Gamma oncològica Tetrofosmina-Tc99m","Medicina Nuclear","Documents / Imatge",2,"No","No",
,01/01/2018,,1012,"Estudi oncol. recept.somatost.","Medicina Nuclear","Documents / Imatge",2,"No","No",
,01/01/2018,,1013,"Gammagrafia oncològica I131","Medicina Nuclear","Documents / Imatge",2,"No","No",
,01/01/2018,,1014,"Mamogammagrafia isotòpica","Medicina Nuclear","Documents / Imatge",2,"No","No",
,01/01/2018,,1015,"Estudi oncològic altres AC monoclonals","Medicina Nuclear","Documents / Imatge",2,"No","No",
,01/01/2018,,1017,"SPECT oncol. citrat de gali-Ga67","Medicina Nuclear","Documents / Imatge",2,"No","No",
,01/01/2018,,1024,"PET oncològic FDG-F18","Medicina Nuclear","Documents / Imatge",2,"No","No",
,01/01/2018,,1027,"PET-TAC oncològic FDG-F18","Medicina Nuclear","Documents / Imatge",2,"No","No",
,01/01/2018,,1028,"PET-TAC oncol. 18F-Fluorur","Medicina Nuclear","Documents / Imatge",2,"No","No",
,01/01/2018,,1029,"PET-TAC cos sencer F18 -DOPA","Medicina Nuclear","Documents / Imatge",2,"No","No",
,01/01/2018,,1030,"PET-TAC cos sencer F18 -Colina","Medicina Nuclear","Documents / Imatge",2,"No","No",
,01/01/2018,,1031,"PET-TAC cos sencer 68Ga-DOTA-TOC","Medicina Nuclear","Documents / Imatge",2,"No","No",
,01/01/2018,,1032,"PET-TAC cos sencer C11 metionina","Medicina Nuclear","Documents / Imatge",2,"No","No",
,01/01/2018,,1033,"PET-RNM cos sencer fluordesoxiglucosa-F18","Medicina Nuclear","Documents / Imatge",2,"No","No",
,01/01/2018,,1101,"Gamma  leucocits marcats infecc.","Medicina Nuclear","Documents / Imatge",2,"No","No",
,01/01/2018,,1102,"Gamma  citrat de Gali-Ga67 infecc.","Medicina Nuclear","Documents / Imatge",2,"No","No",
,01/01/2018,,1103,"Gamma amb Ig infecció","Medicina Nuclear","Documents / Imatge",2,"No","No",
,01/01/2018,,1110,"PET FDG-F18 en infecció","Medicina Nuclear","Documents / Imatge",2,"No","No",
,01/01/2018,,1111,"PET-TAC FDG-F18 en infecció","Medicina Nuclear","Documents / Imatge",2,"No","No",
,01/01/2018,,1201,"Sinoviortesis radiois. Renio","Medicina Nuclear","Documents / Imatge",2,"No","No",
,01/01/2018,,1202,"Sinoviortesis radiois. Itri","Medicina Nuclear","Documents / Imatge",2,"No","No",
,01/01/2018,,1203,"Ttº radiometab. Ca diferenciat tiroïdal","Medicina Nuclear","Documents / Imatge",2,"No","No",
,01/01/2018,,1206,"Ttº radiometab.dels limfomes","Medicina Nuclear","Documents / Imatge",2,"No","No",
,01/01/2018,,1207,"Ttº radiometab T. neuroendocrins (MIBG)","Medicina Nuclear","Documents / Imatge",2,"No","No",
,01/01/2018,,1208,"Ttº radiometab.dolor ossi  estronci-89","Medicina Nuclear","Documents / Imatge",2,"No","No",
,01/01/2018,,1209,"Ttº radiometab.dolor ossi Sm-153","Medicina Nuclear","Documents / Imatge",2,"No","No",
,01/01/2018,,1210,"Ttº radiometab.tiroides benig.","Medicina Nuclear","Documents / Imatge",2,"No","No",
,01/01/2018,,1211,"Ttº radiometab.endocavitari","Medicina Nuclear","Documents / Imatge",2,"No","No",
,01/01/2018,,1213,"Ttº radiometab.lesions hep.amb  esferes","Medicina Nuclear","Documents / Imatge",2,"No","No",
,19/03/2018,,"02001002","Localització preq mama guiada per ecografia","Radiologia","Documents / Imatge",2,"No","No",
,19/03/2018,,"02001601","Injecció gangli sentinella mama guiada per eco","Radiologia","Documents / Imatge",2,"No","No",
,19/03/2018,,"04030801","Ecografia d'escrot","Radiologia","Documents / Imatge",2,"No","No",
,19/03/2018,,"04030901","Ecografia de penis","Radiologia","Documents / Imatge",2,"No","No",
,19/03/2018,,"04080501","Ecografia canal vertebral neonat","Radiologia","Documents / Imatge",2,"No","No",
,19/03/2018,,"04090401","Ecografia amb contrast","Radiologia","Documents / Imatge",2,"No","No",
,19/03/2018,,"07030401","Colecistostomia percutània","Radiologia","Documents / Imatge",2,"No","No",
,19/03/2018,,"07090703","Radiofreqüència per eco","Radiologia","Documents / Imatge",2,"No","No",
,25/04/2018,,6650009,"Estudi del flux lacrimal per radioisòtops ","Medicina Nuclear","Documents / Imatge",2,"No","No",
,25/04/2018,,140871000135103,"Proves funcionals biomecàniques ","Proves Complementàries","Documents / Imatge",2,"No","No",
,29/05/2018,,"01010101","Tòrax PA ","Radiologia","Documents / Imatge",2,"No","No",
,29/05/2018,,"01010201","Tòrax PA i LAT ","Radiologia","Documents / Imatge",2,"No","No",
,29/05/2018,,"01010301","Proj. especials de tòrax: en decúbit. lordòtiques ","Radiologia","Documents / Imatge",2,"No","No",
,29/05/2018,,"01010401","Graella costal AP i obliqües ","Radiologia","Documents / Imatge",2,"No","No",
,29/05/2018,,"01010501","Fluoroscòpia del tòrax ","Radiologia","Documents / Imatge",2,"No","No",
,29/05/2018,,"01010601","Tòrax amb portàtil ","Radiologia","Documents / Imatge",2,"No","No",
,29/05/2018,,"01030101","Simple de l''abdomen AP ","Radiologia","Documents / Imatge",2,"No","No",
,29/05/2018,,"01030201","Abdomen simple AP i en bipedestació o de decúbit ","Radiologia","Documents / Imatge",2,"No","No",
,29/05/2018,,"01040101","Crani AP i LAT ","Radiologia","Documents / Imatge",2,"No","No",
,29/05/2018,,"01040201","Òrbites i massís facial ","Radiologia","Documents / Imatge",2,"No","No",
,29/05/2018,,"01040301","Mastoide (4 projeccions) ","Radiologia","Documents / Imatge",2,"No","No",
,29/05/2018,,"01040401","Sins paranasals ","Radiologia","Documents / Imatge",2,"No","No",
,29/05/2018,,"01040501","Ossos propis del nas ","Radiologia","Documents / Imatge",2,"No","No",
,29/05/2018,,"01040601","Mandíbula (2 projeccions) ","Radiologia","Documents / Imatge",2,"No","No",
,29/05/2018,,"01040701","ATM (BO/BT) bilateral ","Radiologia","Documents / Imatge",2,"No","No",
,29/05/2018,,"01040801","Parts toves del coll / nasofaringe ","Radiologia","Documents / Imatge",2,"No","No",
,29/05/2018,,"01040901","Radiografia panoràmica ","Radiologia","Documents / Imatge",2,"No","No",
,29/05/2018,,"01041001","Cefalometria ortodòntica ","Radiologia","Documents / Imatge",2,"No","No",
,29/05/2018,,"01050101","Columna cervical AP i LAT ","Radiologia","Documents / Imatge",2,"No","No",
,29/05/2018,,"01050201","Columna cervical obliqües ","Radiologia","Documents / Imatge",2,"No","No",
,29/05/2018,,"01050301","Columna cervical en flexoextensió ","Radiologia","Documents / Imatge",2,"No","No",
,29/05/2018,,"01050401","Columna cervical transoral ","Radiologia","Documents / Imatge",2,"No","No",
,29/05/2018,,"01050501","Columna dorsal AP i LAT ","Radiologia","Documents / Imatge",2,"No","No",
,29/05/2018,,"01050601","Columna lumbosacra AP i LAT ","Radiologia","Documents / Imatge",2,"No","No",
,29/05/2018,,"01050701","Columna lumbosacra AP. LAT i obliqües ","Radiologia","Documents / Imatge",2,"No","No",
,29/05/2018,,"01050801","Columna lumbosacra en flexoextensió ","Radiologia","Documents / Imatge",2,"No","No",
,29/05/2018,,"01050901","Sacre i còccix AP i LAT ","Radiologia","Documents / Imatge",2,"No","No",
,29/05/2018,,"01051001","Teleradiografia de columna total (una projecció) ","Radiologia","Documents / Imatge",2,"No","No",
,29/05/2018,,"01051101","Teleradiografia columna total AP i LAT ","Radiologia","Documents / Imatge",2,"No","No",
,29/05/2018,,"01051201","Columna total: prova de flexió ","Radiologia","Documents / Imatge",2,"No","No",
,29/05/2018,,"01051301","Teleradiografia d''extremitats inferiors ","Radiologia","Documents / Imatge",2,"No","No",
,29/05/2018,,"01060101","Clavícula ","Radiologia","Documents / Imatge",2,"No","No",
,29/05/2018,,"01060201","Articulació esternocostoclavicular ","Radiologia","Documents / Imatge",2,"No","No",
,29/05/2018,,"01060301","Omòplat AP i en Y ","Radiologia","Documents / Imatge",2,"No","No",
,29/05/2018,,"01060401","Estèrnum ","Radiologia","Documents / Imatge",2,"No","No",
,29/05/2018,,"01060501","Espatlla AP i axial. muscle AP i axial ","Radiologia","Documents / Imatge",2,"No","No",
,29/05/2018,,"01060601","Espatlla rotacions ","Radiologia","Documents / Imatge",2,"No","No",
,29/05/2018,,"01060701","Espatlla: espai subacromial ","Radiologia","Documents / Imatge",2,"No","No",
,29/05/2018,,"01060801","Húmer AP i LAT ","Radiologia","Documents / Imatge",2,"No","No",
,29/05/2018,,"01060901","Húmer AP i transtoràcica ","Radiologia","Documents / Imatge",2,"No","No",
,29/05/2018,,"01061001","Colze AP i LAT ","Radiologia","Documents / Imatge",2,"No","No",
,29/05/2018,,"01061101","Avantbraç AP i LAT ","Radiologia","Documents / Imatge",2,"No","No",
,29/05/2018,,"01061201","Canell AP i LAT ","Radiologia","Documents / Imatge",2,"No","No",
,29/05/2018,,"01061301","Canell dinàmiques ","Radiologia","Documents / Imatge",2,"No","No",
,29/05/2018,,"01061401","Canell escafoide ","Radiologia","Documents / Imatge",2,"No","No",
,29/05/2018,,"01061501","Totes dues mans AP i obliqües ","Radiologia","Documents / Imatge",2,"No","No",
,29/05/2018,,"01061601","Mà PA i obliqües ","Radiologia","Documents / Imatge",2,"No","No",
,29/05/2018,,"01061701","Dits AP i LAT ","Radiologia","Documents / Imatge",2,"No","No",
,29/05/2018,,"01061801","Pelvis AP ","Radiologia","Documents / Imatge",2,"No","No",
,29/05/2018,,"01061901","Pelvis AP i obliqües ","Radiologia","Documents / Imatge",2,"No","No",
,29/05/2018,,"01062001","Sacroilíaques PA ","Radiologia","Documents / Imatge",2,"No","No",
,29/05/2018,,"01062101","Sacroilíaques PA i obliqües ","Radiologia","Documents / Imatge",2,"No","No",
,29/05/2018,,"01062201","Maluc AP ","Radiologia","Documents / Imatge",2,"No","No",
,29/05/2018,,"01062301","Maluc AP i axial ","Radiologia","Documents / Imatge",2,"No","No",
,29/05/2018,,"01062401","Maluc alar i obturadora ","Radiologia","Documents / Imatge",2,"No","No",
,29/05/2018,,"01062501","Fèmur AP i LAT ","Radiologia","Documents / Imatge",2,"No","No",
,29/05/2018,,"01062601","Genoll AP i LAT ","Radiologia","Documents / Imatge",2,"No","No",
,29/05/2018,,"01062701","Genoll AP. LAT i obliqües ","Radiologia","Documents / Imatge",2,"No","No",
,29/05/2018,,"01062801","Genoll AP. LAT i axial ","Radiologia","Documents / Imatge",2,"No","No",
,29/05/2018,,"01062901","Ròtula axial ","Radiologia","Documents / Imatge",2,"No","No",
,29/05/2018,,"01063001","Ambdós genolls en posició de càrrega ","Radiologia","Documents / Imatge",2,"No","No",
,29/05/2018,,"01063101","Tíbia-peroné anteroposterior i lateral ","Radiologia","Documents / Imatge",2,"No","No",
,29/05/2018,,"01063201","Turmell AP i LAT ","Radiologia","Documents / Imatge",2,"No","No",
,29/05/2018,,"01063301","Turmell var / valg ","Radiologia","Documents / Imatge",2,"No","No",
,29/05/2018,,"01063401","Ambdós turmells en posició de càrrega ","Radiologia","Documents / Imatge",2,"No","No",
,29/05/2018,,"01063501","Peu AP i obliqües ","Radiologia","Documents / Imatge",2,"No","No",
,29/05/2018,,"01063601","Calcany LAT i axial ","Radiologia","Documents / Imatge",2,"No","No",
,29/05/2018,,"01063701","Dit del peu ","Radiologia","Documents / Imatge",2,"No","No",
,29/05/2018,,"01063801","Tots dos peus AP i obliqües ","Radiologia","Documents / Imatge",2,"No","No",
,29/05/2018,,"01063901","Ambdós peus en posició de càrrega ","Radiologia","Documents / Imatge",2,"No","No",
,29/05/2018,,"01064000","Sèrie òssia ","Radiologia","Documents / Imatge",2,"No","No",
,29/05/2018,,"01064001","Sèrie òssia completa ","Radiologia","Documents / Imatge",2,"No","No",
,29/05/2018,,"01064002","Sèrie òssia oncològica ","Radiologia","Documents / Imatge",2,"No","No",
,29/05/2018,,"01064003","Sèrie òssia metabòlica (curta) ","Radiologia","Documents / Imatge",2,"No","No",
,29/05/2018,,"01080101","Tòrax i abdomen del nadó/lactant ","Radiologia","Documents / Imatge",2,"No","No",
,29/05/2018,,"01080201","Radiografia lateral rinofaríngia ","Radiologia","Documents / Imatge",2,"No","No",
,29/05/2018,,"01080301","Edat òssia d''infants < 2 anys ","Radiologia","Documents / Imatge",2,"No","No",
,29/05/2018,,"01080401","Edat òssia d''infants > 2 anys ","Radiologia","Documents / Imatge",2,"No","No",
,29/05/2018,,"01080501","Sèrie òssia protocol de maltractament infantil ","Radiologia","Documents / Imatge",2,"No","No",
,29/05/2018,,"01080601","Sèrie òssia infant protocol de malformació fetal ","Radiologia","Documents / Imatge",2,"No","No",
,29/05/2018,,"01090101","Altres RX portàtil ","Radiologia","Documents / Imatge",2,"No","No",
,29/05/2018,,"01090200","Exploració a la sala d''operacions ","Radiologia","Documents / Imatge",2,"No","No",
,29/05/2018,,"01090201","Exploracions al quiròfan traumatològiques ","Radiologia","Documents / Imatge",2,"No","No",
,29/05/2018,,"01090202","Exploracions al quiròfan de l''aparell digestiu ","Radiologia","Documents / Imatge",2,"No","No",
,29/05/2018,,"01090203","Exploracions al quiròfan urològiques ","Radiologia","Documents / Imatge",2,"No","No",
,29/05/2018,,"01090204","Exploracions al quiròfan neurològiques ","Radiologia","Documents / Imatge",2,"No","No",
,29/05/2018,,"01090205","Exploracions al quiròfan de tòrax ","Radiologia","Documents / Imatge",2,"No","No",
,29/05/2018,,"01090206","Exploracions al quiròfan del sistema vascular ","Radiologia","Documents / Imatge",2,"No","No",
,29/05/2018,,"01090301","Densitometria columna lumbar anteroposterior (DEXA ","Radiologia","Documents / Imatge",2,"No","No",
,29/05/2018,,"01090302","Densitometria de fèmur proximal i del maluc (DEXA) ","Radiologia","Documents / Imatge",2,"No","No",
,29/05/2018,,"01090303","Densitometria del cos total (DEXA) ","Radiologia","Documents / Imatge",2,"No","No",
,29/05/2018,,"01090304","Densitometria de radi cúbit (DEXA) ","Radiologia","Documents / Imatge",2,"No","No",
,29/05/2018,,"01090305","Densitometria del calcani (DEXA) ","Radiologia","Documents / Imatge",2,"No","No",
,29/05/2018,,"01090306","Densitometria de la falange (DEXA) ","Radiologia","Documents / Imatge",2,"No","No",
,29/05/2018,,"02000101","Mastografia bilateral (2 projeccions) ","Radiologia","Documents / Imatge",2,"No","No",
,29/05/2018,,"02000201","Mastografia unilateral (2 projeccions) ","Radiologia","Documents / Imatge",2,"No","No",
,29/05/2018,,"02000301","Mamografia de cribratge massiu (2 projeccions) ","Radiologia","Documents / Imatge",2,"No","No",
,29/05/2018,,"02000401","Projeccions mamogràfiques complementàries ","Radiologia","Documents / Imatge",2,"No","No",
,29/05/2018,,"02000501","Estudi espècimen quir./biòpsia percutània de mama ","Radiologia","Documents / Imatge",2,"No","No",
,29/05/2018,,"02000601","Galactografia ","Radiologia","Documents / Imatge",2,"No","No",
,29/05/2018,,"02000701","Mamografia bilateral (2P) i tomosíntesi ","Radiologia","Documents / Imatge",2,"No","No",
,29/05/2018,,"02000801","Mamografia unilateral (2P) i tomosíntesi ","Radiologia","Documents / Imatge",2,"No","No",
,29/05/2018,,"02000901","Mamografia de crib.pobl. (2P) i tomosíntesi ","Radiologia","Documents / Imatge",2,"No","No",
,29/05/2018,,"02001000","Localització prequirúrgica de mama ","Radiologia","Documents / Imatge",2,"No","No",
,29/05/2018,,"02001001","Localització prequir. de mama per graella ","Radiologia","Documents / Imatge",2,"No","No",
,29/05/2018,,"02001003","Localització preq de mama per estereotàxia ","Radiologia","Documents / Imatge",2,"No","No",
,29/05/2018,,"02001004","Localització preq. mama per galactografia ","Radiologia","Documents / Imatge",2,"No","No",
,29/05/2018,,"02001005","Localització prequirúrgica de mama per RM ","Radiologia","Documents / Imatge",2,"No","No",
,29/05/2018,,"02001101","PAAF de mama per ecografia ","Radiologia","Documents / Imatge",2,"No","No",
,29/05/2018,,"02001200","Biòpsia amb agulla gruixuda de mama ","Radiologia","Documents / Imatge",2,"No","No",
,29/05/2018,,"02001201","BAG de mama per ecografia ","Radiologia","Documents / Imatge",2,"No","No",
,29/05/2018,,"02001202","BAG de mama per estereotàxia ","Radiologia","Documents / Imatge",2,"No","No",
,29/05/2018,,"02001203","BAG de mama per RM ","Radiologia","Documents / Imatge",2,"No","No",
,29/05/2018,,"02001300","BAV de mama ","Radiologia","Documents / Imatge",2,"No","No",
,29/05/2018,,"02001301","BAV de mama per ecografia ","Radiologia","Documents / Imatge",2,"No","No",
,29/05/2018,,"02001302","BAV de mama per estereotàxia ","Radiologia","Documents / Imatge",2,"No","No",
,29/05/2018,,"02001303","BAV de mama per RM ","Radiologia","Documents / Imatge",2,"No","No",
,29/05/2018,,"02001401","Extirpació percutània de lesió a mama per ecografi ","Radiologia","Documents / Imatge",2,"No","No",
,29/05/2018,,"02001500","Marcador de mama ","Radiologia","Documents / Imatge",2,"No","No",
,29/05/2018,,"02001501","Col·locació marcador mama postbiòpsia (immediat) ","Radiologia","Documents / Imatge",2,"No","No",
,29/05/2018,,"02001502","Col·locació marcador mama per ecografia ","Radiologia","Documents / Imatge",2,"No","No",
,29/05/2018,,"02001503","Col·locació marcador mama per estereotàxia ","Radiologia","Documents / Imatge",2,"No","No",
,29/05/2018,,"02001504","Col·locació marcador mama per RM ","Radiologia","Documents / Imatge",2,"No","No",
,29/05/2018,,"02001600","Injecció al gangli sentinella mama ","Radiologia","Documents / Imatge",2,"No","No",
,29/05/2018,,"02001602","Inj.gangli sentinella mama per estereotàxia ","Radiologia","Documents / Imatge",2,"No","No",
,29/05/2018,,"02001603","Injecció gangli sentinella mama per RM ","Radiologia","Documents / Imatge",2,"No","No",
,29/05/2018,,"02001701","Biòpsia excisional percutània mama per esterotàxia ","Radiologia","Documents / Imatge",2,"No","No",
,29/05/2018,,"02001801","Drenatge de col·lecció mamària ","Radiologia","Documents / Imatge",2,"No","No",
,29/05/2018,,"02001901","Ablació lesió mamària per ecografia ","Radiologia","Documents / Imatge",2,"No","No",
,29/05/2018,,"03030100","Trànsit esofàgic ","Radiologia","Documents / Imatge",2,"No","No",
,29/05/2018,,"03030101","Esòfag ","Radiologia","Documents / Imatge",2,"No","No",
,29/05/2018,,"03030102","Esofàg en funció de deglució ","Radiologia","Documents / Imatge",2,"No","No",
,29/05/2018,,"03030200","Trànsit esofagogastroduodenal ","Radiologia","Documents / Imatge",2,"No","No",
,29/05/2018,,"03030201","Esòfagogastroduodenal ","Radiologia","Documents / Imatge",2,"No","No",
,29/05/2018,,"03030202","Gastroduodenal de doble contrast ","Radiologia","Documents / Imatge",2,"No","No",
,29/05/2018,,"03030300","Trànsit gastroduodenal i intestinal ","Radiologia","Documents / Imatge",2,"No","No",
,29/05/2018,,"03030301","Gastroduodenal amb trànsit intestinal ","Radiologia","Documents / Imatge",2,"No","No",
,29/05/2018,,"03030302","Gastroduodenal doble contrast amb trànsit intestin ","Radiologia","Documents / Imatge",2,"No","No",
,29/05/2018,,"03030401","Trànsit intestinal ","Radiologia","Documents / Imatge",2,"No","No",
,29/05/2018,,"03030501","Enteroclisis ","Radiologia","Documents / Imatge",2,"No","No",
,29/05/2018,,"03030600","Ènema opac ","Radiologia","Documents / Imatge",2,"No","No",
,29/05/2018,,"03030601","Ènema opac de contrast simple ","Radiologia","Documents / Imatge",2,"No","No",
,29/05/2018,,"03030602","Ènema opac de doble contrast ","Radiologia","Documents / Imatge",2,"No","No",
,29/05/2018,,"03030603","Ènema opac per colostomia ","Radiologia","Documents / Imatge",2,"No","No",
,29/05/2018,,"03030701","Defecografia ","Radiologia","Documents / Imatge",2,"No","No",
,29/05/2018,,"03030801","Exploració per via biliar directa per tub ","Radiologia","Documents / Imatge",2,"No","No",
,29/05/2018,,"03030901","Exploracions endoscòpiques i altres ","Radiologia","Documents / Imatge",2,"No","No",
,29/05/2018,,"03031001","Fistulografia ","Radiologia","Documents / Imatge",2,"No","No",
,29/05/2018,,"03031101","Urografia intravenosa ","Radiologia","Documents / Imatge",2,"No","No",
,29/05/2018,,"03031201","Pielografia per tub (nefrostograma) ","Radiologia","Documents / Imatge",2,"No","No",
,29/05/2018,,"03031301","Cistografia ","Radiologia","Documents / Imatge",2,"No","No",
,29/05/2018,,"03031401","Cistouretrografia retrògrada i sèrie miccional ","Radiologia","Documents / Imatge",2,"No","No",
,29/05/2018,,"03031501","Pielografia retrògrada ","Radiologia","Documents / Imatge",2,"No","No",
,29/05/2018,,"03031601","Histerosalpingografia ","Radiologia","Documents / Imatge",2,"No","No",
,29/05/2018,,"03040101","Sialografia ","Radiologia","Documents / Imatge",2,"No","No",
,29/05/2018,,"03040201","Dacriocistografia ","Radiologia","Documents / Imatge",2,"No","No",
,29/05/2018,,"03080101","Estudi de malformació anorectal ","Radiologia","Documents / Imatge",2,"No","No",
,29/05/2018,,"03080201","Cistouretrografia ","Radiologia","Documents / Imatge",2,"No","No",
,29/05/2018,,"03080301","Radiografia dels òrgans genitals ","Radiologia","Documents / Imatge",2,"No","No",
,29/05/2018,,"04070101","Ecografia Doppler dels troncs supraaòrtics ","Radiologia","Documents / Imatge",2,"No","No",
,29/05/2018,,"04070201","Doppler unió cervicotoràcica venosa (jugular. subc ","Radiologia","Documents / Imatge",2,"No","No",
,29/05/2018,,"04070801","Ecografia Doppler de la fístula de diàlisi ","Radiologia","Documents / Imatge",2,"No","No",
,29/05/2018,,"04070901","Ecografia Doppler de la tècnica CHIVA ","Radiologia","Documents / Imatge",2,"No","No",
,29/05/2018,,"04071001","Ecografia Doppler aortoilíaca ","Radiologia","Documents / Imatge",2,"No","No",
,29/05/2018,,"04071101","Doppler de vena cava inferior i ilíaques ","Radiologia","Documents / Imatge",2,"No","No",
,29/05/2018,,"04071201","Ecografia Doppler hepàtica ","Radiologia","Documents / Imatge",2,"No","No",
,29/05/2018,,"04071601","Ecografia Doppler fetal ","Radiologia","Documents / Imatge",2,"No","No",
,29/05/2018,,"04071701","Ecografia Doppler de l''òrbita ","Radiologia","Documents / Imatge",2,"No","No",
,29/05/2018,,"04071801","Ecografia Doppler de trasplantament hepàtic ","Radiologia","Documents / Imatge",2,"No","No",
,29/05/2018,,"04071901","Ecografia Doppler de trasplantament renal ","Radiologia","Documents / Imatge",2,"No","No",
,29/05/2018,,"04072001","Ecografia Doppler de trasplantament intestinal ","Radiologia","Documents / Imatge",2,"No","No",
,29/05/2018,,"04080101","Ecografia per malformacions anorectals ","Radiologia","Documents / Imatge",2,"No","No",
,29/05/2018,,"04080201","Cistouretrografia amb contrast ","Radiologia","Documents / Imatge",2,"No","No",
,29/05/2018,,"04080301","Ecografia de maluc neonatal ","Radiologia","Documents / Imatge",2,"No","No",
,29/05/2018,,"04080601","Ecografia estudi reflux gastroesofàgic ","Radiologia","Documents / Imatge",2,"No","No",
,29/05/2018,,"04090101","Ecografia portàtil ","Radiologia","Documents / Imatge",2,"No","No",
,29/05/2018,,"04090201","Ecografia FAST per politraumatisme ","Radiologia","Documents / Imatge",2,"No","No",
,29/05/2018,,"04090301","Ecografia intraoperatòria ","Radiologia","Documents / Imatge",2,"No","No",
,29/05/2018,,"05010100","TC tòrax ","Radiologia","Documents / Imatge",2,"No","No",
,29/05/2018,,"05010101","TC tòrax sense contrast ","Radiologia","Documents / Imatge",2,"No","No",
,29/05/2018,,"05010102","TC tòrax amb contrast ","Radiologia","Documents / Imatge",2,"No","No",
,29/05/2018,,"05010103","TC tòrax amb contrast o sense ","Radiologia","Documents / Imatge",2,"No","No",
,29/05/2018,,"05010104","TC tòrax alta definició ","Radiologia","Documents / Imatge",2,"No","No",
,29/05/2018,,"05010201","Broncoscòpia per TC ","Radiologia","Documents / Imatge",2,"No","No",
,29/05/2018,,"05020101","TC quantificació del calci ","Radiologia","Documents / Imatge",2,"No","No",
,29/05/2018,,"05020201","TC cardíaca de morfologia i de funció ","Radiologia","Documents / Imatge",2,"No","No",
,29/05/2018,,"05020301","TC cardíaca d''artèries coronàries ","Radiologia","Documents / Imatge",2,"No","No",
,29/05/2018,,"05030100","TC abdominopelviana ","Radiologia","Documents / Imatge",2,"No","No",
,29/05/2018,,"05030101","TC abdominopelviana sense contrast ","Radiologia","Documents / Imatge",2,"No","No",
,29/05/2018,,"05030102","TC abdominopelviana amb contrast ","Radiologia","Documents / Imatge",2,"No","No",
,29/05/2018,,"05030103","TC adominopelviana amb contrast o sense ","Radiologia","Documents / Imatge",2,"No","No",
,29/05/2018,,"05030200","TC multifàsica del fetge ","Radiologia","Documents / Imatge",2,"No","No",
,29/05/2018,,"05030300","TC multifàsica del ronyó ","Radiologia","Documents / Imatge",2,"No","No",
,29/05/2018,,"05030400","Enterografia per TC ","Radiologia","Documents / Imatge",2,"No","No",
,29/05/2018,,"05030500","Urografia per TC ","Radiologia","Documents / Imatge",2,"No","No",
,29/05/2018,,"05030600","TC pelvis ","Radiologia","Documents / Imatge",2,"No","No",
,29/05/2018,,"05030601","TC pelvis sense contrast ","Radiologia","Documents / Imatge",2,"No","No",
,29/05/2018,,"05030602","TC pelvis amb contrast ","Radiologia","Documents / Imatge",2,"No","No",
,29/05/2018,,"05030603","TC pelvis amb contrast o sense ","Radiologia","Documents / Imatge",2,"No","No",
,29/05/2018,,"05030701","Colonoscòpia per TC ","Radiologia","Documents / Imatge",2,"No","No",
,29/05/2018,,"05030702","Gastroscòpia per TC ","Radiologia","Documents / Imatge",2,"No","No",
,29/05/2018,,"05030703","Cistoscòpia per TC ","Radiologia","Documents / Imatge",2,"No","No",
,29/05/2018,,"05040100","TC crani ","Radiologia","Documents / Imatge",2,"No","No",
,29/05/2018,,"05040101","TC crani sense contrast ","Radiologia","Documents / Imatge",2,"No","No",
,29/05/2018,,"05040102","TC crani amb contrast ","Radiologia","Documents / Imatge",2,"No","No",
,29/05/2018,,"05040103","TC crani amb contrast o sense ","Radiologia","Documents / Imatge",2,"No","No",
,29/05/2018,,"05040104","TC crani de localització per a l''estereotàxia ","Radiologia","Documents / Imatge",2,"No","No",
,29/05/2018,,"05040105","TC crani per a neuronavegador / radiocirurgia ","Radiologia","Documents / Imatge",2,"No","No",
,29/05/2018,,"05040200","TC perfusió cerebral ","Radiologia","Documents / Imatge",2,"No","No",
,29/05/2018,,"05040300","TC sella turca ","Radiologia","Documents / Imatge",2,"No","No",
,29/05/2018,,"05040301","TC sella turca sense contrast ","Radiologia","Documents / Imatge",2,"No","No",
,29/05/2018,,"05040302","TC sella turca amb contrast o sense ","Radiologia","Documents / Imatge",2,"No","No",
,29/05/2018,,"05040400","TC òrbita ","Radiologia","Documents / Imatge",2,"No","No",
,29/05/2018,,"05040401","TC òrbita sense contrast ","Radiologia","Documents / Imatge",2,"No","No",
,29/05/2018,,"05040402","TC òrbita amb contrast ","Radiologia","Documents / Imatge",2,"No","No",
,29/05/2018,,"05040403","TC òrbita amb contrast o sense ","Radiologia","Documents / Imatge",2,"No","No",
,29/05/2018,,"05040500","TC facial / sins ","Radiologia","Documents / Imatge",2,"No","No",
,29/05/2018,,"05040501","TC facial / sins sense contrast ","Radiologia","Documents / Imatge",2,"No","No",
,29/05/2018,,"05040502","TC facial / sins amb contrast ","Radiologia","Documents / Imatge",2,"No","No",
,29/05/2018,,"05040503","TC facial / sins amb contrast o sense ","Radiologia","Documents / Imatge",2,"No","No",
,29/05/2018,,"05040600","TC mandíbula ","Radiologia","Documents / Imatge",2,"No","No",
,29/05/2018,,"05040601","TC mandíbula sense contrast ","Radiologia","Documents / Imatge",2,"No","No",
,29/05/2018,,"05040602","TC mandíbula amb contrast ","Radiologia","Documents / Imatge",2,"No","No",
,29/05/2018,,"05040603","TC mandíbula amb contrast o sense ","Radiologia","Documents / Imatge",2,"No","No",
,29/05/2018,,"05040604","TC ATM sense contrast ","Radiologia","Documents / Imatge",2,"No","No",
,29/05/2018,,"05040700","TC base crani ","Radiologia","Documents / Imatge",2,"No","No",
,29/05/2018,,"05040701","TC base crani sense contrast (fossa posterior) ","Radiologia","Documents / Imatge",2,"No","No",
,29/05/2018,,"05040702","TC base crani amb contrast (fossa posterior) ","Radiologia","Documents / Imatge",2,"No","No",
,29/05/2018,,"05040703","TC base crani amb/sense contrast (fossa posterior) ","Radiologia","Documents / Imatge",2,"No","No",
,29/05/2018,,"05040800","TC penyal. apòfisi mastoide i CAI ","Radiologia","Documents / Imatge",2,"No","No",
,29/05/2018,,"05040801","TC penyal. apòfisi mastoide i CAI sense contrast ","Radiologia","Documents / Imatge",2,"No","No",
,29/05/2018,,"05040802","TC penyal. apòfisi mastoide i CAI amb contrast ","Radiologia","Documents / Imatge",2,"No","No",
,29/05/2018,,"05040803","TC penyal. apòfisi mastoide i CAI amb/sense contra ","Radiologia","Documents / Imatge",2,"No","No",
,29/05/2018,,"05040901","TC dental amb reconstrucció ","Radiologia","Documents / Imatge",2,"No","No",
,29/05/2018,,"05041001","TC facial / cranial tridimens. amb reconstrucció ","Radiologia","Documents / Imatge",2,"No","No",
,29/05/2018,,"05041100","TC coll ","Radiologia","Documents / Imatge",2,"No","No",
,29/05/2018,,"05041101","TC coll sense contrast ","Radiologia","Documents / Imatge",2,"No","No",
,29/05/2018,,"05041102","TC coll amb contrast ","Radiologia","Documents / Imatge",2,"No","No",
,29/05/2018,,"05041103","TC coll amb contrast o sense ","Radiologia","Documents / Imatge",2,"No","No",
,29/05/2018,,"05041200","TC plexe braquial ","Radiologia","Documents / Imatge",2,"No","No",
,29/05/2018,,"05041201","TC plexe braquial sense contrast ","Radiologia","Documents / Imatge",2,"No","No",
,29/05/2018,,"05041202","TC plexe braquial amb contrast o sense ","Radiologia","Documents / Imatge",2,"No","No",
,29/05/2018,,"05050100","TC columna cervical ","Radiologia","Documents / Imatge",2,"No","No",
,29/05/2018,,"05050101","TC columna cervical sense contrast ","Radiologia","Documents / Imatge",2,"No","No",
,29/05/2018,,"05050102","TC columna cervical amb contrast ","Radiologia","Documents / Imatge",2,"No","No",
,29/05/2018,,"05050103","TC columna cervical amb contrast o sense ","Radiologia","Documents / Imatge",2,"No","No",
,29/05/2018,,"05050200","TC columna dorsal ","Radiologia","Documents / Imatge",2,"No","No",
,29/05/2018,,"05050201","TC columna dorsal sense contrast ","Radiologia","Documents / Imatge",2,"No","No",
,29/05/2018,,"05050202","TC columna dorsal amb contrast ","Radiologia","Documents / Imatge",2,"No","No",
,29/05/2018,,"05050203","TC columna dorsal amb contrast o sense ","Radiologia","Documents / Imatge",2,"No","No",
,29/05/2018,,"05050300","TC columna lumbosacra ","Radiologia","Documents / Imatge",2,"No","No",
,29/05/2018,,"05050301","TC columna lumbosacra sense contrast ","Radiologia","Documents / Imatge",2,"No","No",
,29/05/2018,,"05050302","TC columna lumbosacra amb contrast ","Radiologia","Documents / Imatge",2,"No","No",
,29/05/2018,,"05050303","TC columna lumbosacra amb contrast o sense ","Radiologia","Documents / Imatge",2,"No","No",
,29/05/2018,,"05050401","Mielografia per TC ","Radiologia","Documents / Imatge",2,"No","No",
,29/05/2018,,"05050501","TC sacre/ sacroilíaques ","Radiologia","Documents / Imatge",2,"No","No",
,29/05/2018,,"05060100","TC EESS / EEII ","Radiologia","Documents / Imatge",2,"No","No",
,29/05/2018,,"05060101","TC EESS / EEII sense contrast ","Radiologia","Documents / Imatge",2,"No","No",
,29/05/2018,,"05060102","TC EESS / EEII amb contrast ","Radiologia","Documents / Imatge",2,"No","No",
,29/05/2018,,"05060103","TC EESS / EEII amb contrast o sense ","Radiologia","Documents / Imatge",2,"No","No",
,29/05/2018,,"05060200","Artografia per TC ","Radiologia","Documents / Imatge",2,"No","No",
,29/05/2018,,"05060201","Artografia per TC indirecta ","Radiologia","Documents / Imatge",2,"No","No",
,29/05/2018,,"05060202","Artografia per TC directa ","Radiologia","Documents / Imatge",2,"No","No",
,29/05/2018,,"05060300","TC dinàmica dels genolls ","Radiologia","Documents / Imatge",2,"No","No",
,29/05/2018,,"05060400","TC extremitat no articular ","Radiologia","Documents / Imatge",2,"No","No",
,29/05/2018,,"05060401","TC extremitat no articular sense contrast ","Radiologia","Documents / Imatge",2,"No","No",
,29/05/2018,,"05060402","TC extremitat no articular amb contrast o sense ","Radiologia","Documents / Imatge",2,"No","No",
,29/05/2018,,"05060500","TC espatlla ","Radiologia","Documents / Imatge",2,"No","No",
,29/05/2018,,"05060501","TC espatlla sense contrast ","Radiologia","Documents / Imatge",2,"No","No",
,29/05/2018,,"05060502","TC espatlla amb contrast o sense ","Radiologia","Documents / Imatge",2,"No","No",
,29/05/2018,,"05060600","TC colze ","Radiologia","Documents / Imatge",2,"No","No",
,29/05/2018,,"05060601","TC colze sense contrast ","Radiologia","Documents / Imatge",2,"No","No",
,29/05/2018,,"05060602","TC colze amb contrast o sense ","Radiologia","Documents / Imatge",2,"No","No",
,29/05/2018,,"05060700","TC canell ","Radiologia","Documents / Imatge",2,"No","No",
,29/05/2018,,"05060701","TC canell sense contrast ","Radiologia","Documents / Imatge",2,"No","No",
,29/05/2018,,"05060702","TC canell amb contrast o sense ","Radiologia","Documents / Imatge",2,"No","No",
,29/05/2018,,"05060800","TC mà ","Radiologia","Documents / Imatge",2,"No","No",
,29/05/2018,,"05060801","TC mà sense contrast ","Radiologia","Documents / Imatge",2,"No","No",
,29/05/2018,,"05060802","TC mà amb contrast o sense ","Radiologia","Documents / Imatge",2,"No","No",
,29/05/2018,,"05060900","TC canell i mà ","Radiologia","Documents / Imatge",2,"No","No",
,29/05/2018,,"05060901","TC canell i mà sense contrast ","Radiologia","Documents / Imatge",2,"No","No",
,29/05/2018,,"05060902","TC canell i mà amb contrast o sense ","Radiologia","Documents / Imatge",2,"No","No",
,29/05/2018,,"05061001","TC pelvis musculoesquelètica ","Radiologia","Documents / Imatge",2,"No","No",
,29/05/2018,,"05061100","TC malucs ","Radiologia","Documents / Imatge",2,"No","No",
,29/05/2018,,"05061101","TC malucs unilateral o bilateral sense contrast ","Radiologia","Documents / Imatge",2,"No","No",
,29/05/2018,,"05061102","TC malucs uni o bilateral amb contrast o sense ","Radiologia","Documents / Imatge",2,"No","No",
,29/05/2018,,"05061200","TC genoll ","Radiologia","Documents / Imatge",2,"No","No",
,29/05/2018,,"05061201","TC genoll sense contrast ","Radiologia","Documents / Imatge",2,"No","No",
,29/05/2018,,"05061202","TC genoll amb contrast o sense ","Radiologia","Documents / Imatge",2,"No","No",
,29/05/2018,,"05061300","TC turmell ","Radiologia","Documents / Imatge",2,"No","No",
,29/05/2018,,"05061301","TC turmell sense contrast ","Radiologia","Documents / Imatge",2,"No","No",
,29/05/2018,,"05061302","TC turmell amb contrast o sense ","Radiologia","Documents / Imatge",2,"No","No",
,29/05/2018,,"05061400","TC peu ","Radiologia","Documents / Imatge",2,"No","No",
,29/05/2018,,"05061401","TC peu sense contrast ","Radiologia","Documents / Imatge",2,"No","No",
,29/05/2018,,"05061402","TC peu amb contrast o sense ","Radiologia","Documents / Imatge",2,"No","No",
,29/05/2018,,"05061500","TC turmell i peu ","Radiologia","Documents / Imatge",2,"No","No",
,29/05/2018,,"05061501","TC turmell i peu sense contrast ","Radiologia","Documents / Imatge",2,"No","No",
,29/05/2018,,"05061502","TC turmell i peu amb contrast o sense ","Radiologia","Documents / Imatge",2,"No","No",
,29/05/2018,,"05070101","TC artèries cerebrals ","Radiologia","Documents / Imatge",2,"No","No",
,29/05/2018,,"05070201","TC venes cerebrals ","Radiologia","Documents / Imatge",2,"No","No",
,29/05/2018,,"05070301","TC artèries supraaòrtiques ","Radiologia","Documents / Imatge",2,"No","No",
,29/05/2018,,"05070401","TC artèries pulmonars ","Radiologia","Documents / Imatge",2,"No","No",
,29/05/2018,,"05070501","TC aorta ","Radiologia","Documents / Imatge",2,"No","No",
,29/05/2018,,"05070601","Angio TC abdominal ","Radiologia","Documents / Imatge",2,"No","No",
,29/05/2018,,"05070701","TC artèries renals ","Radiologia","Documents / Imatge",2,"No","No",
,29/05/2018,,"05070801","TC artèries perifèriques ","Radiologia","Documents / Imatge",2,"No","No",
,29/05/2018,,"05070901","TC venes perifèriques ","Radiologia","Documents / Imatge",2,"No","No",
,29/05/2018,,"05071001","TC triple estudi (coronàries. pulm. i aorta toràci ","Radiologia","Documents / Imatge",2,"No","No",
,29/05/2018,,"05071101","TC aorta abdominal i EEII ","Radiologia","Documents / Imatge",2,"No","No",
,29/05/2018,,"05071201","TC artèries espinals ","Radiologia","Documents / Imatge",2,"No","No",
,29/05/2018,,"05090100","TC toracoabdominopelviana ","Radiologia","Documents / Imatge",2,"No","No",
,29/05/2018,,"05090101","TC toractoabdominopelviana sense contrast ","Radiologia","Documents / Imatge",2,"No","No",
,29/05/2018,,"05090102","TC toractoabdominopelviana amb contrast ","Radiologia","Documents / Imatge",2,"No","No",
,29/05/2018,,"05090103","TC toractoabdominopèlvic amb contrast o sense ","Radiologia","Documents / Imatge",2,"No","No",
,29/05/2018,,"05090200","TC cervicotoracoabdominopelviana amb contrast ","Radiologia","Documents / Imatge",2,"No","No",
,29/05/2018,,"05090301","TC completa per politraumatisme ","Radiologia","Documents / Imatge",2,"No","No",
,29/05/2018,,"05090400","TC senyalització de camps per a radioteràpia ","Radiologia","Documents / Imatge",2,"No","No",
,29/05/2018,,"05090500","TC senyalització guies per radiocirurgia ","Radiologia","Documents / Imatge",2,"No","No",
,29/05/2018,,"05090600","TC crani localització per radiocirurgia ","Radiologia","Documents / Imatge",2,"No","No",
,29/05/2018,,"05090701","TC amb sedació/anestèsia ","Radiologia","Documents / Imatge",2,"No","No",
,29/05/2018,,"06000101","RM mama per a estudi d''implants ","Radiologia","Documents / Imatge",2,"No","No",
,29/05/2018,,"06000201","RM mama per a estudi dinàmic ","Radiologia","Documents / Imatge",2,"No","No",
,29/05/2018,,"06010100","RM tòrax ","Radiologia","Documents / Imatge",2,"No","No",
,29/05/2018,,"06010101","RM tòrax sense contrast ","Radiologia","Documents / Imatge",2,"No","No",
,29/05/2018,,"06010102","RM tòrax amb contrast o sense ","Radiologia","Documents / Imatge",2,"No","No",
,29/05/2018,,"06020101","RM cor: morfologia i/o funció ","Radiologia","Documents / Imatge",2,"No","No",
,29/05/2018,,"06020201","RM cor: morf.. funció i perfusió d''estrès ","Radiologia","Documents / Imatge",2,"No","No",
,29/05/2018,,"06020301","RM cor: morf.. funció. perfusió basal i viabilitat ","Radiologia","Documents / Imatge",2,"No","No",
,29/05/2018,,"06020401","RM cor: morf.. funció. perfusió estrès i viabilita ","Radiologia","Documents / Imatge",2,"No","No",
,29/05/2018,,"06020501","RM cor: estudi de càrrega de ferro ","Radiologia","Documents / Imatge",2,"No","No",
,29/05/2018,,"06030100","RM abdomen ","Radiologia","Documents / Imatge",2,"No","No",
,29/05/2018,,"06030101","RM abdomen sense contrast ","Radiologia","Documents / Imatge",2,"No","No",
,29/05/2018,,"06030102","RM abdomen amb contrast o sense ","Radiologia","Documents / Imatge",2,"No","No",
,29/05/2018,,"06030200","RM fetge ","Radiologia","Documents / Imatge",2,"No","No",
,29/05/2018,,"06030201","RM fetge sense contrast ","Radiologia","Documents / Imatge",2,"No","No",
,29/05/2018,,"06030202","RM fetge amb contrast o sense ","Radiologia","Documents / Imatge",2,"No","No",
,29/05/2018,,"06030203","RM fetge amb contrast específic ","Radiologia","Documents / Imatge",2,"No","No",
,29/05/2018,,"06030301","RM fetge: estudi de càrrega de ferro ","Radiologia","Documents / Imatge",2,"No","No",
,29/05/2018,,"06030400","RM colangiografia ","Radiologia","Documents / Imatge",2,"No","No",
,29/05/2018,,"06030401","RM colangio sense contrast ","Radiologia","Documents / Imatge",2,"No","No",
,29/05/2018,,"06030402","RM colangio amb contrast específic ","Radiologia","Documents / Imatge",2,"No","No",
,29/05/2018,,"06030500","RM pàncrees ","Radiologia","Documents / Imatge",2,"No","No",
,29/05/2018,,"06030501","RM pàncrees sense contrast ","Radiologia","Documents / Imatge",2,"No","No",
,29/05/2018,,"06030502","RM pàncrees amb contrast o sense ","Radiologia","Documents / Imatge",2,"No","No",
,29/05/2018,,"06030600","RM tub digestiu ","Radiologia","Documents / Imatge",2,"No","No",
,29/05/2018,,"06030601","RM tub digestiu sense contrast ","Radiologia","Documents / Imatge",2,"No","No",
,29/05/2018,,"06030602","RM tub digestiu amb contrast o sense ","Radiologia","Documents / Imatge",2,"No","No",
,29/05/2018,,"06030701","RM urografia ","Radiologia","Documents / Imatge",2,"No","No",
,29/05/2018,,"06030801","RM fetal ","Radiologia","Documents / Imatge",2,"No","No",
,29/05/2018,,"06030900","RM pelvivisceral ","Radiologia","Documents / Imatge",2,"No","No",
,29/05/2018,,"06030901","RM pelvivisceral sense contrast ","Radiologia","Documents / Imatge",2,"No","No",
,29/05/2018,,"06030902","RM pelvivisceral amb contrast o sense ","Radiologia","Documents / Imatge",2,"No","No",
,29/05/2018,,"06031001","RM sòl pelvià ","Radiologia","Documents / Imatge",2,"No","No",
,29/05/2018,,"06031101","RM recte i sigma sense contrast ","Radiologia","Documents / Imatge",2,"No","No",
,29/05/2018,,"06031201","RM recte i anus amb contrast o sense ","Radiologia","Documents / Imatge",2,"No","No",
,29/05/2018,,"06031300","RM pròstata ","Radiologia","Documents / Imatge",2,"No","No",
,29/05/2018,,"06031301","RM pròstata sense contrast ","Radiologia","Documents / Imatge",2,"No","No",
,29/05/2018,,"06031302","RM pròstata amb contrast o sense ","Radiologia","Documents / Imatge",2,"No","No",
,29/05/2018,,"06031303","RM pròstata multiparamètrica ","Radiologia","Documents / Imatge",2,"No","No",
,29/05/2018,,"06031401","RM cos sencer ","Radiologia","Documents / Imatge",2,"No","No",
,29/05/2018,,"06040100","RM crani ","Radiologia","Documents / Imatge",2,"No","No",
,29/05/2018,,"06040101","RM crani sense contrast ","Radiologia","Documents / Imatge",2,"No","No",
,29/05/2018,,"06040102","RM crani amb contrast o sense ","Radiologia","Documents / Imatge",2,"No","No",
,29/05/2018,,"06040200","RM hipòfisi ","Radiologia","Documents / Imatge",2,"No","No",
,29/05/2018,,"06040201","RM hipòfisi sense contrast ","Radiologia","Documents / Imatge",2,"No","No",
,29/05/2018,,"06040202","RM hipòfisi amb contrast o sense ","Radiologia","Documents / Imatge",2,"No","No",
,29/05/2018,,"06040300","RM base crani ","Radiologia","Documents / Imatge",2,"No","No",
,29/05/2018,,"06040301","RM base crani (penyal) sense contrast ","Radiologia","Documents / Imatge",2,"No","No",
,29/05/2018,,"06040302","RM base crani (penyal) amb contrast o sense ","Radiologia","Documents / Imatge",2,"No","No",
,29/05/2018,,"06040400","RM òrbites ","Radiologia","Documents / Imatge",2,"No","No",
,29/05/2018,,"06040401","RM òrbites sense contrast ","Radiologia","Documents / Imatge",2,"No","No",
,29/05/2018,,"06040402","RM òrbites amb contrast o sense ","Radiologia","Documents / Imatge",2,"No","No",
,29/05/2018,,"06040500","RM cara. sins ","Radiologia","Documents / Imatge",2,"No","No",
,29/05/2018,,"06040501","RM cara. sins sense contrast ","Radiologia","Documents / Imatge",2,"No","No",
,29/05/2018,,"06040502","RM cara. sins amb contrast o sense ","Radiologia","Documents / Imatge",2,"No","No",
,29/05/2018,,"06040600","RM ATM ","Radiologia","Documents / Imatge",2,"No","No",
,29/05/2018,,"06040601","RM ATM sense constrast ","Radiologia","Documents / Imatge",2,"No","No",
,29/05/2018,,"06040602","RM ATM amb contrast o sense ","Radiologia","Documents / Imatge",2,"No","No",
,29/05/2018,,"06040701","RM cervell i angio RM ","Radiologia","Documents / Imatge",2,"No","No",
,29/05/2018,,"06040801","RM cerebral amb estudi de perfusió ","Radiologia","Documents / Imatge",2,"No","No",
,29/05/2018,,"06040901","RM cerebral amb estudi de difusió tensor (tractogr ","Radiologia","Documents / Imatge",2,"No","No",
,29/05/2018,,"06041001","RM cerebral amb espectroscòpia ","Radiologia","Documents / Imatge",2,"No","No",
,29/05/2018,,"06041101","RM estudis funcionals cerebrals ","Radiologia","Documents / Imatge",2,"No","No",
,29/05/2018,,"06041201","RM cerebral i estudi amb quant. de flux de LCR ","Radiologia","Documents / Imatge",2,"No","No",
,29/05/2018,,"06041301","RM crani de localització per a estereotàxia ","Radiologia","Documents / Imatge",2,"No","No",
,29/05/2018,,"06041401","RM crani per a radiocirurgia o neuronavegador ","Radiologia","Documents / Imatge",2,"No","No",
,29/05/2018,,"06041500","RM coll / rinofaringe ","Radiologia","Documents / Imatge",2,"No","No",
,29/05/2018,,"06041501","RM coll / rinofaringe sense contrast ","Radiologia","Documents / Imatge",2,"No","No",
,29/05/2018,,"06041502","RM coll / rinofaringe amb contrast o sense ","Radiologia","Documents / Imatge",2,"No","No",
,29/05/2018,,"06041600","RM plexe braquial ","Radiologia","Documents / Imatge",2,"No","No",
,29/05/2018,,"06041601","RM plexe braquial sense contrast ","Radiologia","Documents / Imatge",2,"No","No",
,29/05/2018,,"06041602","RM plexe braquial amb contrast o sense ","Radiologia","Documents / Imatge",2,"No","No",
,29/05/2018,,"06050100","RM columna cervical ","Radiologia","Documents / Imatge",2,"No","No",
,29/05/2018,,"06050101","RM columna cervical sense contrast ","Radiologia","Documents / Imatge",2,"No","No",
,29/05/2018,,"06050102","RM columna cervical amb contrast o sense ","Radiologia","Documents / Imatge",2,"No","No",
,29/05/2018,,"06050200","RM columna dorsal ","Radiologia","Documents / Imatge",2,"No","No",
,29/05/2018,,"06050201","RM columna dorsal sense contrast ","Radiologia","Documents / Imatge",2,"No","No",
,29/05/2018,,"06050202","RM columna dorsal amb contrast o sense ","Radiologia","Documents / Imatge",2,"No","No",
,29/05/2018,,"06050300","RM columna lumbar ","Radiologia","Documents / Imatge",2,"No","No",
,29/05/2018,,"06050301","RM columna lumbar sense contrast ","Radiologia","Documents / Imatge",2,"No","No",
,29/05/2018,,"06050302","RM columna lumbar amb contrast o sense ","Radiologia","Documents / Imatge",2,"No","No",
,29/05/2018,,"06050401","RM columna: estudi dinàmic ","Radiologia","Documents / Imatge",2,"No","No",
,29/05/2018,,"06050500","RM sacre / sacroilíaques ","Radiologia","Documents / Imatge",2,"No","No",
,29/05/2018,,"06050501","RM sacre / sacroilíaques sense contrast ","Radiologia","Documents / Imatge",2,"No","No",
,29/05/2018,,"06050502","RM sacre / sacroilíaques amb contrast o sense ","Radiologia","Documents / Imatge",2,"No","No",
,29/05/2018,,"06050600","RM columna: varis segments ","Radiologia","Documents / Imatge",2,"No","No",
,29/05/2018,,"06050601","RM columna: 2 segments sense contrast ","Radiologia","Documents / Imatge",2,"No","No",
,29/05/2018,,"06050602","RM columna: 2 segments amb contrast o sense ","Radiologia","Documents / Imatge",2,"No","No",
,29/05/2018,,"06050603","RM columna: 3 segments sense contrast ","Radiologia","Documents / Imatge",2,"No","No",
,29/05/2018,,"06050604","RM columna: 3 segments amb contrast o sense ","Radiologia","Documents / Imatge",2,"No","No",
,29/05/2018,,"06050701","RM mèdul·la i angio RM medul·lar ","Radiologia","Documents / Imatge",2,"No","No",
,29/05/2018,,"06050801","RM estudi del tensor de difusió de la mèdul·la ","Radiologia","Documents / Imatge",2,"No","No",
,29/05/2018,,"06060100","RM extremitat no articular ","Radiologia","Documents / Imatge",2,"No","No",
,29/05/2018,,"06060101","RM extremitat no articular sense contrast ","Radiologia","Documents / Imatge",2,"No","No",
,29/05/2018,,"06060102","RM extremitat no articular amb contrast o sense ","Radiologia","Documents / Imatge",2,"No","No",
,29/05/2018,,"06060200","RM espatlla ","Radiologia","Documents / Imatge",2,"No","No",
,29/05/2018,,"06060201","RM espatlla sense contrast ","Radiologia","Documents / Imatge",2,"No","No",
,29/05/2018,,"06060202","RM espatlla amb contrast o sense ","Radiologia","Documents / Imatge",2,"No","No",
,29/05/2018,,"06060300","RM colze ","Radiologia","Documents / Imatge",2,"No","No",
,29/05/2018,,"06060301","RM colze sense contrast ","Radiologia","Documents / Imatge",2,"No","No",
,29/05/2018,,"06060302","RM colze amb contrast o sense ","Radiologia","Documents / Imatge",2,"No","No",
,29/05/2018,,"06060400","RM canell ","Radiologia","Documents / Imatge",2,"No","No",
,29/05/2018,,"06060401","RM canell sense contrast ","Radiologia","Documents / Imatge",2,"No","No",
,29/05/2018,,"06060402","RM canell amb contrast o sense ","Radiologia","Documents / Imatge",2,"No","No",
,29/05/2018,,"06060500","RM mà ","Radiologia","Documents / Imatge",2,"No","No",
,29/05/2018,,"06060501","RM mà sense contrast ","Radiologia","Documents / Imatge",2,"No","No",
,29/05/2018,,"06060502","RM mà amb contrast o sense ","Radiologia","Documents / Imatge",2,"No","No",
,29/05/2018,,"06060600","RM canell i mà ","Radiologia","Documents / Imatge",2,"No","No",
,29/05/2018,,"06060601","RM canell i mà sense contrast ","Radiologia","Documents / Imatge",2,"No","No",
,29/05/2018,,"06060602","RM canell i mà amb contrast o sense ","Radiologia","Documents / Imatge",2,"No","No",
,29/05/2018,,"06060701","RM pelvis musculoesquelètica ","Radiologia","Documents / Imatge",2,"No","No",
,29/05/2018,,"06060800","RM malucs ","Radiologia","Documents / Imatge",2,"No","No",
,29/05/2018,,"06060801","RM malucs unilateral o bilateral sense contrast ","Radiologia","Documents / Imatge",2,"No","No",
,29/05/2018,,"06060802","RM malucs uni o bilateral amb contrast o sense ","Radiologia","Documents / Imatge",2,"No","No",
,29/05/2018,,"06060900","RM genoll ","Radiologia","Documents / Imatge",2,"No","No",
,29/05/2018,,"06060901","RM genoll sense contrast ","Radiologia","Documents / Imatge",2,"No","No",
,29/05/2018,,"06060902","RM genoll amb contrast o sense ","Radiologia","Documents / Imatge",2,"No","No",
,29/05/2018,,"06061000","RM turmell ","Radiologia","Documents / Imatge",2,"No","No",
,29/05/2018,,"06061001","RM turmell sense contrast ","Radiologia","Documents / Imatge",2,"No","No",
,29/05/2018,,"06061002","RM turmell amb contrast o sense ","Radiologia","Documents / Imatge",2,"No","No",
,29/05/2018,,"06061100","RM peu ","Radiologia","Documents / Imatge",2,"No","No",
,29/05/2018,,"06061101","RM peu sense contrast ","Radiologia","Documents / Imatge",2,"No","No",
,29/05/2018,,"06061102","RM peu amb contrast o sense ","Radiologia","Documents / Imatge",2,"No","No",
,29/05/2018,,"06061200","RM turmell i peu ","Radiologia","Documents / Imatge",2,"No","No",
,29/05/2018,,"06061201","RM turmell i peu sense contrast ","Radiologia","Documents / Imatge",2,"No","No",
,29/05/2018,,"06061202","RM turmell i peu amb contrast o sense ","Radiologia","Documents / Imatge",2,"No","No",
,29/05/2018,,"06061300","Artrografia per RM indirecta ","Radiologia","Documents / Imatge",2,"No","No",
,29/05/2018,,"06061400","Artrografia per RM directa ","Radiologia","Documents / Imatge",2,"No","No",
,29/05/2018,,"06070100","Angio RM del tòrax ","Radiologia","Documents / Imatge",2,"No","No",
,29/05/2018,,"06070101","Angio RM del tòrax sense contrast ","Radiologia","Documents / Imatge",2,"No","No",
,29/05/2018,,"06070102","Angio RM del tòrax amb contrast o sense ","Radiologia","Documents / Imatge",2,"No","No",
,29/05/2018,,"06070200","Angio RM abdominal i pelviana ","Radiologia","Documents / Imatge",2,"No","No",
,29/05/2018,,"06070201","Angio RM abdominal ","Radiologia","Documents / Imatge",2,"No","No",
,29/05/2018,,"06070202","Angio RM aorta abdominal i artèries ilíaques ","Radiologia","Documents / Imatge",2,"No","No",
,29/05/2018,,"06070203","Angio RM aorta toràcica i abdominal (segment únic) ","Radiologia","Documents / Imatge",2,"No","No",
,29/05/2018,,"06070204","Angio RM d''aorta abdominal i EEII (moviment mesa) ","Radiologia","Documents / Imatge",2,"No","No",
,29/05/2018,,"06070205","Angio RM venosa abdominal i EEII (moviment mesa) ","Radiologia","Documents / Imatge",2,"No","No",
,29/05/2018,,"06070206","Angio RM de les artèries renals ","Radiologia","Documents / Imatge",2,"No","No",
,29/05/2018,,"06070207","Angio RM de l''abdomen venosa ","Radiologia","Documents / Imatge",2,"No","No",
,29/05/2018,,"06070300","Angio RM del cervell ","Radiologia","Documents / Imatge",2,"No","No",
,29/05/2018,,"06070301","Angio RM del cervell sense contrast ","Radiologia","Documents / Imatge",2,"No","No",
,29/05/2018,,"06070302","Angio RM del cervell amb contrast ","Radiologia","Documents / Imatge",2,"No","No",
,29/05/2018,,"06070400","Angio RM dels troncs supraaòrtics ","Radiologia","Documents / Imatge",2,"No","No",
,29/05/2018,,"06070401","Angio RM dels troncs supraaòrtics sense contrast ","Radiologia","Documents / Imatge",2,"No","No",
,29/05/2018,,"06070402","Angio RM dels troncs supraaòrtics amb contrast ","Radiologia","Documents / Imatge",2,"No","No",
,29/05/2018,,"06070501","Angio RM del cervell i dels troncs supraaòrtics ","Radiologia","Documents / Imatge",2,"No","No",
,29/05/2018,,"06070601","Angio RM venosa d'' EEII ","Radiologia","Documents / Imatge",2,"No","No",
,29/05/2018,,"06070701","Angio RM arterial d''extremitats (un segment) ","Radiologia","Documents / Imatge",2,"No","No",
,29/05/2018,,"06090101","RM espectroscòpia ","Radiologia","Documents / Imatge",2,"No","No",
,29/05/2018,,"06090201","Ressonància magnètica amb sedació/anestèsia ","Radiologia","Documents / Imatge",2,"No","No",
,29/05/2018,,"07030101","Biòpsia de pròstata transrectal ","Radiologia","Documents / Imatge",2,"No","No",
,29/05/2018,,"07030200","Neuròlisi guiada per imatge ","Radiologia","Documents / Imatge",2,"No","No",
,29/05/2018,,"07030201","Neuròlisi de plexe celíac ","Radiologia","Documents / Imatge",2,"No","No",
,29/05/2018,,"07030202","Neuròlisi de plexe hipogàstric ","Radiologia","Documents / Imatge",2,"No","No",
,29/05/2018,,"07030300","Nefrostomia percutània ","Radiologia","Documents / Imatge",2,"No","No",
,29/05/2018,,"07030301","Nefrostomia percutània per ecografia ","Radiologia","Documents / Imatge",2,"No","No",
,29/05/2018,,"07030302","Nefrostomia percutània per TC ","Radiologia","Documents / Imatge",2,"No","No",
,29/05/2018,,"07060101","Biòpsia òssia per TC ","Radiologia","Documents / Imatge",2,"No","No",
,29/05/2018,,"07060200","Infiltració musculoesquelètica ","Radiologia","Documents / Imatge",2,"No","No",
,29/05/2018,,"07060201","Infiltració musculoesquelètica per ecografia ","Radiologia","Documents / Imatge",2,"No","No",
,29/05/2018,,"07060202","Infiltració musculoesquelètica per TC ","Radiologia","Documents / Imatge",2,"No","No",
,29/05/2018,,"07060301","Rentat de calcificacions amb ecografia ","Radiologia","Documents / Imatge",2,"No","No",
,29/05/2018,,"07060401","Injecció terapèutica intraòssia ","Radiologia","Documents / Imatge",2,"No","No",
,29/05/2018,,"07080100","Desinvaginació per imatge ","Radiologia","Documents / Imatge",2,"No","No",
,29/05/2018,,"07080101","Desinvaginació amb sèrum ","Radiologia","Documents / Imatge",2,"No","No",
,29/05/2018,,"07080102","Desinvaginació amb aire ","Radiologia","Documents / Imatge",2,"No","No",
,29/05/2018,,"07080201","Ènema terap. amb contrast hidrosoluble (meconi / F ","Radiologia","Documents / Imatge",2,"No","No",
,29/05/2018,,"07090100","PAAF per imatge ","Radiologia","Documents / Imatge",2,"No","No",
,29/05/2018,,"07090101","PAAF superficial per ecografia ","Radiologia","Documents / Imatge",2,"No","No",
,29/05/2018,,"07090102","PAAF profunda per ecografia ","Radiologia","Documents / Imatge",2,"No","No",
,29/05/2018,,"07090103","PAAF per TC ","Radiologia","Documents / Imatge",2,"No","No",
,29/05/2018,,"07090200","BAG per imatge ","Radiologia","Documents / Imatge",2,"No","No",
,29/05/2018,,"07090201","BAG superficial per ecografia ","Radiologia","Documents / Imatge",2,"No","No",
,29/05/2018,,"07090202","BAG profunda per ecografia ","Radiologia","Documents / Imatge",2,"No","No",
,29/05/2018,,"07090203","BAG per TAC ","Radiologia","Documents / Imatge",2,"No","No",
,29/05/2018,,"07090300","Drenatge d''abscessos i col·leccions ","Radiologia","Documents / Imatge",2,"No","No",
,29/05/2018,,"07090301","Dren. percutani abscessos i col·leccions per ecogr ","Radiologia","Documents / Imatge",2,"No","No",
,29/05/2018,,"07090302","Drenatge percutani abscessos i col·leccions per TC ","Radiologia","Documents / Imatge",2,"No","No",
,29/05/2018,,"07090303","Drenatge pleural d''abscessos guiat per ecografia ","Radiologia","Documents / Imatge",2,"No","No",
,29/05/2018,,"07090304","Drenatge pleural d''abscessos guiat per TC ","Radiologia","Documents / Imatge",2,"No","No",
,29/05/2018,,"07090401","Recanvi. retirada o desobstrucció catèters drenatg ","Radiologia","Documents / Imatge",2,"No","No",
,29/05/2018,,"07090500","Tractaments per termoablació ","Radiologia","Documents / Imatge",2,"No","No",
,29/05/2018,,"07090501","TTO percutani lesions hepàtiques per termoablació ","Radiologia","Documents / Imatge",2,"No","No",
,29/05/2018,,"07090502","TTO percutani de lesions renals per termoablació ","Radiologia","Documents / Imatge",2,"No","No",
,29/05/2018,,"07090503","TTO percutani lesions pulmonars per termoablació ","Radiologia","Documents / Imatge",2,"No","No",
,29/05/2018,,"07090504","TTO percutani de lesions òssies per termoablació ","Radiologia","Documents / Imatge",2,"No","No",
,29/05/2018,,"07090600","Alcoholització per imatge ","Radiologia","Documents / Imatge",2,"No","No",
,29/05/2018,,"07090601","Alcoholització per ecografia ","Radiologia","Documents / Imatge",2,"No","No",
,29/05/2018,,"07090602","Alcoholització per TC ","Radiologia","Documents / Imatge",2,"No","No",
,29/05/2018,,"07090701","Esclerosi de cavitats (qualsevol localització) ","Radiologia","Documents / Imatge",2,"No","No",
,29/05/2018,,"07090702","Radiofreqüència guiada per TC ","Radiologia","Documents / Imatge",2,"No","No",
,29/05/2018,,"08050100","Intervencionisme en la columna ","Radiologia","Documents / Imatge",2,"No","No",
,29/05/2018,,"08050101","Vertebroplàstia simple ","Radiologia","Documents / Imatge",2,"No","No",
,29/05/2018,,"08050102","Vertebroplàstia múltiple ","Radiologia","Documents / Imatge",2,"No","No",
,29/05/2018,,"08050103","Cifoplàstia simple ","Radiologia","Documents / Imatge",2,"No","No",
,29/05/2018,,"08050104","Cifoplàstia múltiple ","Radiologia","Documents / Imatge",2,"No","No",
,29/05/2018,,"08050105","Nucleòlisi amb radiofreqüència o làser per TC ","Radiologia","Documents / Imatge",2,"No","No",
,29/05/2018,,"08050106","Nucleòlisi amb RF o làser guiada per radioscòpia ","Radiologia","Documents / Imatge",2,"No","No",
,29/05/2018,,"08050107","Quimionucleòlisi ","Radiologia","Documents / Imatge",2,"No","No",
,29/05/2018,,"08070100","Neuroangiografia diagnòstica ","Radiologia","Documents / Imatge",2,"No","No",
,29/05/2018,,"08070101","Angiografia arc aòrtic i troncs supraaòrtics ","Radiologia","Documents / Imatge",2,"No","No",
,29/05/2018,,"08070102","Angiografia arc aòrtic i selectiva ","Radiologia","Documents / Imatge",2,"No","No",
,29/05/2018,,"08070107","Prova d''oclusió vascular ","Radiologia","Documents / Imatge",2,"No","No",
,29/05/2018,,"08070108","Angiografia de medul·la espinal ","Radiologia","Documents / Imatge",2,"No","No",
,29/05/2018,,"08070109","Cateterisme dels sins petrosos bilateral ","Radiologia","Documents / Imatge",2,"No","No",
,29/05/2018,,"08070110","Angiografia caròtide bilat. test de Wada ","Radiologia","Documents / Imatge",2,"No","No",
,29/05/2018,,"08070111","Angiografia intraoperatòria ","Radiologia","Documents / Imatge",2,"No","No",
,29/05/2018,,"08070200","Neuroembolització ","Radiologia","Documents / Imatge",2,"No","No",
,29/05/2018,,"08070201","Embolització de la caròtide externa selectiva ","Radiologia","Documents / Imatge",2,"No","No",
,29/05/2018,,"08070202","Oclusió de grans vasos amb baló expandible ","Radiologia","Documents / Imatge",2,"No","No",
,29/05/2018,,"08070203","Embolització supraselectiva intracranial (MAV) ","Radiologia","Documents / Imatge",2,"No","No",
,29/05/2018,,"08070204","Embolització selectiva de la medul·la ","Radiologia","Documents / Imatge",2,"No","No",
,29/05/2018,,"08070205","Embolització d''aneurisma intracranial ","Radiologia","Documents / Imatge",2,"No","No",
,29/05/2018,,"08070206","Embolit. aneurismes amb tècn. assist. amb disposit ","Radiologia","Documents / Imatge",2,"No","No",
,29/05/2018,,"08070207","Embolit. percutània de lesions tumorals i vascular ","Radiologia","Documents / Imatge",2,"No","No",
,29/05/2018,,"08070208","Embolit. via venosa intracranial (MAV durals. etc. ","Radiologia","Documents / Imatge",2,"No","No",
,29/05/2018,,"08070301","Trombectomia intra i extracranial mecànica ","Radiologia","Documents / Imatge",2,"No","No",
,29/05/2018,,"08070400","Neurofibrinòlisi o infusió ","Radiologia","Documents / Imatge",2,"No","No",
,29/05/2018,,"08070401","Fibrinòlisi local intraarterial ","Radiologia","Documents / Imatge",2,"No","No",
,29/05/2018,,"08070402","Infusió terapèutica de quimio supraselectiva ","Radiologia","Documents / Imatge",2,"No","No",
,29/05/2018,,"08070403","Infusió terapèutica per a angioespasme ","Radiologia","Documents / Imatge",2,"No","No",
,29/05/2018,,"08070404","Tractament mitjançant ATP de l''angioespasme ","Radiologia","Documents / Imatge",2,"No","No",
,29/05/2018,,"08070500","Neuroangioplàstia ","Radiologia","Documents / Imatge",2,"No","No",
,29/05/2018,,"08070501","Angioplàstia intracranial ","Radiologia","Documents / Imatge",2,"No","No",
,29/05/2018,,"08070502","Angioplàstia intracranial amb pròtesi ","Radiologia","Documents / Imatge",2,"No","No",
,29/05/2018,,"08070503","ATP extracranial amb pròtesi ","Radiologia","Documents / Imatge",2,"No","No",
,29/05/2018,,"08070504","ATP extracranial sense pròtesi ","Radiologia","Documents / Imatge",2,"No","No",
,29/05/2018,,"08070600","Intervencionisme lacrimonasal ","Radiologia","Documents / Imatge",2,"No","No",
,29/05/2018,,"08070601","Pròtesi lacrimonasal unilateral ","Radiologia","Documents / Imatge",2,"No","No",
,29/05/2018,,"08070602","Crioplàstia lacrimonasal unilateral ","Radiologia","Documents / Imatge",2,"No","No",
,29/05/2018,,"08070603","Pròtesi lacrimonasal bilateral ","Radiologia","Documents / Imatge",2,"No","No",
,29/05/2018,,"08070604","Crioplàstia lacrimonasal bilateral ","Radiologia","Documents / Imatge",2,"No","No",
,29/05/2018,,"08070700","Intervencionisme radicular ","Radiologia","Documents / Imatge",2,"No","No",
,29/05/2018,,"08070701","Rizòlisi química guiada per TC ","Radiologia","Documents / Imatge",2,"No","No",
,29/05/2018,,"08070702","Rizòlisi amb radiofreqüència guiada per TC ","Radiologia","Documents / Imatge",2,"No","No",
,29/05/2018,,"08070703","Rizòlisi amb radiofreqüència per radioscòpia ","Radiologia","Documents / Imatge",2,"No","No",
,29/05/2018,,"08070704","Simpatectomia percutània ","Radiologia","Documents / Imatge",2,"No","No",
,29/05/2018,,"08070705","Teràpia periradicular guiada per TC ","Radiologia","Documents / Imatge",2,"No","No",
,29/05/2018,,"09070100","Arteriografia diagnòstica no selectiva ","Radiologia","Documents / Imatge",2,"No","No",
,29/05/2018,,"09070101","Arteriografia d'' EEII bilateral ","Radiologia","Documents / Imatge",2,"No","No",
,29/05/2018,,"09070103","Arteriografia d'' EESS bilateral ","Radiologia","Documents / Imatge",2,"No","No",
,29/05/2018,,"09070104","Arteriografia d'' EESS unilateral ","Radiologia","Documents / Imatge",2,"No","No",
,29/05/2018,,"09070105","Aortografia abdominal ","Radiologia","Documents / Imatge",2,"No","No",
,29/05/2018,,"09070106","Aortografia toràcica ","Radiologia","Documents / Imatge",2,"No","No",
,29/05/2018,,"09070107","Arteriografia pulmonar ","Radiologia","Documents / Imatge",2,"No","No",
,29/05/2018,,"09070200","Arteriografia diagnòstica selectiva ","Radiologia","Documents / Imatge",2,"No","No",
,29/05/2018,,"09070201","Arteriografia renal ","Radiologia","Documents / Imatge",2,"No","No",
,29/05/2018,,"09070202","Arteriografia pelviana ","Radiologia","Documents / Imatge",2,"No","No",
,29/05/2018,,"09070203","Arteriografia bronquial ","Radiologia","Documents / Imatge",2,"No","No",
,29/05/2018,,"09070204","Arteriografia pulmonar selectiva ","Radiologia","Documents / Imatge",2,"No","No",
,29/05/2018,,"09070205","Arteriografia visceral digestiva ","Radiologia","Documents / Imatge",2,"No","No",
,29/05/2018,,"09070206","Arteriografia intercostal ","Radiologia","Documents / Imatge",2,"No","No",
,29/05/2018,,"09070207","Arteriografia de l''artèria mamària interna ","Radiologia","Documents / Imatge",2,"No","No",
,29/05/2018,,"09070208","Altres arteriografies selectives ","Radiologia","Documents / Imatge",2,"No","No",
,29/05/2018,,"09070300","Flebografia diagnòstica no selectiva ","Radiologia","Documents / Imatge",2,"No","No",
,29/05/2018,,"09070303","Flebografia d''extremitats superiors bilateral ","Radiologia","Documents / Imatge",2,"No","No",
,29/05/2018,,"09070304","Flebografia d''extremitat superior unilateral ","Radiologia","Documents / Imatge",2,"No","No",
,29/05/2018,,"09070305","Cavografia de l''ili ","Radiologia","Documents / Imatge",2,"No","No",
,29/05/2018,,"09070306","Cavografia de la vena superior ","Radiologia","Documents / Imatge",2,"No","No",
,29/05/2018,,"09070400","Flebografia diagnòstica selectiva ","Radiologia","Documents / Imatge",2,"No","No",
,29/05/2018,,"09070401","Flebografia de les venes hepàtiques ","Radiologia","Documents / Imatge",2,"No","No",
,29/05/2018,,"09070402","Flebografia renal ","Radiologia","Documents / Imatge",2,"No","No",
,29/05/2018,,"09070403","Flebografia espermàtica o ovàrica bilateral ","Radiologia","Documents / Imatge",2,"No","No",
,29/05/2018,,"09070404","Flebografia espermàtica o ovàrica unilateral ","Radiologia","Documents / Imatge",2,"No","No",
,29/05/2018,,"09070405","Altres flebografies ","Radiologia","Documents / Imatge",2,"No","No",
,29/05/2018,,"09070406","Estudi de fístula arteriovenosa d''hemodiàlisi ","Radiologia","Documents / Imatge",2,"No","No",
,29/05/2018,,"09070500","Determinació hormonal venosa ","Radiologia","Documents / Imatge",2,"No","No",
,29/05/2018,,"09070501","Determinació hormonal venosa renal / suprarenal ","Radiologia","Documents / Imatge",2,"No","No",
,29/05/2018,,"09070502","Paratiroide (extracció. mostres venoses) ","Radiologia","Documents / Imatge",2,"No","No",
,29/05/2018,,"09070503","Determinació hormonal venosa pancreàtica ","Radiologia","Documents / Imatge",2,"No","No",
,29/05/2018,,"09070601","Mesurament de pressions (manometria venosa) ","Radiologia","Documents / Imatge",2,"No","No",
,29/05/2018,,"09070701","Esplenoportografia directa ","Radiologia","Documents / Imatge",2,"No","No",
,29/05/2018,,"09070801","Estudi per detectar malformacions vasculars ","Radiologia","Documents / Imatge",2,"No","No",
,29/05/2018,,"09070901","Flebografia i manometria a través de TIPS/DTIP ","Radiologia","Documents / Imatge",2,"No","No",
,29/05/2018,,"09071001","Biòpsia hepàtica transjugular ","Radiologia","Documents / Imatge",2,"No","No",
,29/05/2018,,"09071101","Biòpsia renal transjugular ","Radiologia","Documents / Imatge",2,"No","No",
,29/05/2018,,"09071201","Angioscòpia ","Radiologia","Documents / Imatge",2,"No","No",
,29/05/2018,,"09071301","Ultrasò intravascular ","Radiologia","Documents / Imatge",2,"No","No",
,29/05/2018,,"09071401","Limfangioadenografia ","Radiologia","Documents / Imatge",2,"No","No",
,29/05/2018,,"09071501","Colangiografia transparietohepàtica ","Radiologia","Documents / Imatge",2,"No","No",
,29/05/2018,,"09071601","Manometria i perfusió de la via biliar ","Radiologia","Documents / Imatge",2,"No","No",
,29/05/2018,,"09071700","Raspallat i biòpsia intraluminal ","Radiologia","Documents / Imatge",2,"No","No",
,29/05/2018,,"09071701","Raspallat i biòpsia intravenosa ","Radiologia","Documents / Imatge",2,"No","No",
,29/05/2018,,"09071702","Raspallat i biòpsia endobiliar ","Radiologia","Documents / Imatge",2,"No","No",
,29/05/2018,,"09071703","Raspallat i biòpsia endodigestiva ","Radiologia","Documents / Imatge",2,"No","No",
,29/05/2018,,"09071704","Raspallat i biòpsia endourològica ","Radiologia","Documents / Imatge",2,"No","No",
,29/05/2018,,"09071801","Pielografia percutània ","Radiologia","Documents / Imatge",2,"No","No",
,29/05/2018,,"09071901","Pielografia ascend amb catet. ureteral radioscòpic ","Radiologia","Documents / Imatge",2,"No","No",
,29/05/2018,,"09072000","Angioplàstia arterial perifèrica ","Radiologia","Documents / Imatge",2,"No","No",
,29/05/2018,,"09072001","Angioplàstia ilíaca bilateral ","Radiologia","Documents / Imatge",2,"No","No",
,29/05/2018,,"09072002","Angioplàstia ilíaca unilateral ","Radiologia","Documents / Imatge",2,"No","No",
,29/05/2018,,"09072003","Angioplàstia femoropoplítia bilateral ","Radiologia","Documents / Imatge",2,"No","No",
,29/05/2018,,"09072004","Angioplàstia femoropoplítia unilateral ","Radiologia","Documents / Imatge",2,"No","No",
,29/05/2018,,"09072005","Angioplàstia de troncs distals (tibioperoneal) ","Radiologia","Documents / Imatge",2,"No","No",
,29/05/2018,,"09072006","Angioplàstia d''empelts vasculars ","Radiologia","Documents / Imatge",2,"No","No",
,29/05/2018,,"09072007","Angioplàstia d''extremitat superior unilateral ","Radiologia","Documents / Imatge",2,"No","No",
,29/05/2018,,"09072100","Angioplàstia de l''artèria central ","Radiologia","Documents / Imatge",2,"No","No",
,29/05/2018,,"09072101","Angioplàstia de la vàlvula aòrtica ","Radiologia","Documents / Imatge",2,"No","No",
,29/05/2018,,"09072102","Fenestració i angioplàstia aòrtica en dissecció ","Radiologia","Documents / Imatge",2,"No","No",
,29/05/2018,,"09072103","Angioplàstia renal bilateral ","Radiologia","Documents / Imatge",2,"No","No",
,29/05/2018,,"09072104","Angioplàstia renal unilateral ","Radiologia","Documents / Imatge",2,"No","No",
,29/05/2018,,"09072105","Angioplàstia de troncs viscerals digestius ","Radiologia","Documents / Imatge",2,"No","No",
,29/05/2018,,"09072106","Angioplàstia de troncs supraaòrtics ","Radiologia","Documents / Imatge",2,"No","No",
,29/05/2018,,"09072107","Angioplàstia d''altres artèries ","Radiologia","Documents / Imatge",2,"No","No",
,29/05/2018,,"09072200","Angioplàstia venosa ","Radiologia","Documents / Imatge",2,"No","No",
,29/05/2018,,"09072201","Angioplàstia àrea vena cava superior ","Radiologia","Documents / Imatge",2,"No","No",
,29/05/2018,,"09072202","Angioplàstia àrea vena cava inferior ","Radiologia","Documents / Imatge",2,"No","No",
,29/05/2018,,"09072203","Angioplàstia de venes hepàtiques ","Radiologia","Documents / Imatge",2,"No","No",
,29/05/2018,,"09072204","Angioplàstia de fístula A.V. d''hemodiàlisi ","Radiologia","Documents / Imatge",2,"No","No",
,29/05/2018,,"09072205","Angioplàstia TIPS/DTIP ","Radiologia","Documents / Imatge",2,"No","No",
,29/05/2018,,"09072206","Angioplàstia esplenoportal ","Radiologia","Documents / Imatge",2,"No","No",
,29/05/2018,,"09072300","Pròtesi vascular ","Radiologia","Documents / Imatge",2,"No","No",
,29/05/2018,,"09072301","Pròtesi no coberta a l''aorta toràcica ","Radiologia","Documents / Imatge",2,"No","No",
,29/05/2018,,"09072302","Pròtesi coberta a l''aorta toràcica ","Radiologia","Documents / Imatge",2,"No","No",
,29/05/2018,,"09072303","Pròtesi coberta aorta toràcica fenestrada o branqu ","Radiologia","Documents / Imatge",2,"No","No",
,29/05/2018,,"09072304","Pròtesi no coberta a l''aorta abdominal ","Radiologia","Documents / Imatge",2,"No","No",
,29/05/2018,,"09072305","Pròtesi coberta a l''aorta abdominal ","Radiologia","Documents / Imatge",2,"No","No",
,29/05/2018,,"09072306","Pròtesi coberta aorta abdom. fenestrada o branques ","Radiologia","Documents / Imatge",2,"No","No",
,29/05/2018,,"09072307","Pròtesi no coberta renal unilateral ","Radiologia","Documents / Imatge",2,"No","No",
,29/05/2018,,"09072308","Pròtesi no coberta renal bilateral ","Radiologia","Documents / Imatge",2,"No","No",
,29/05/2018,,"09072309","Pròtesi no coberta troncs arterials digestius ","Radiologia","Documents / Imatge",2,"No","No",
,29/05/2018,,"09072310","Pròtesi no coberta ilíaca unilateral ","Radiologia","Documents / Imatge",2,"No","No",
,29/05/2018,,"09072311","Pròtesi no coberta ilíaca bilateral ","Radiologia","Documents / Imatge",2,"No","No",
,29/05/2018,,"09072312","Pròtesi coberta ilíaca unilateral ","Radiologia","Documents / Imatge",2,"No","No",
,29/05/2018,,"09072313","Pròtesi coberta ilíaca unilat. fenestrada o branqu ","Radiologia","Documents / Imatge",2,"No","No",
,29/05/2018,,"09072314","Pròtesi coberta ilíaca bilateral ","Radiologia","Documents / Imatge",2,"No","No",
,29/05/2018,,"09072315","Pròtesi coberta ilíaca bilat. fenestrada o branque ","Radiologia","Documents / Imatge",2,"No","No",
,29/05/2018,,"09072316","Pròtesi no coberta femoropoplítia unilateral ","Radiologia","Documents / Imatge",2,"No","No",
,29/05/2018,,"09072317","Pròtesi coberta femoropoplítia unilateral ","Radiologia","Documents / Imatge",2,"No","No",
,29/05/2018,,"09072318","Pròtesi no coberta als troncs supraaòrtics ","Radiologia","Documents / Imatge",2,"No","No",
,29/05/2018,,"09072319","Pròtesi coberta als troncs supraaòrtics ","Radiologia","Documents / Imatge",2,"No","No",
,29/05/2018,,"09072320","Pròtesi no coberta a l''ES ","Radiologia","Documents / Imatge",2,"No","No",
,29/05/2018,,"09072321","Pròtesi coberta a l''extremitat superior ","Radiologia","Documents / Imatge",2,"No","No",
,29/05/2018,,"09072322","Pròtesi no coberta en empelts vasculars ","Radiologia","Documents / Imatge",2,"No","No",
,29/05/2018,,"09072323","Pròtesi coberta en empelts vasculars ","Radiologia","Documents / Imatge",2,"No","No",
,29/05/2018,,"09072324","Pròtesi no coberta àrea cava superior ","Radiologia","Documents / Imatge",2,"No","No",
,29/05/2018,,"09072325","Pròtesi no coberta àrea cava inferior ","Radiologia","Documents / Imatge",2,"No","No",
,29/05/2018,,"09072326","Pròtesi no coberta en fístules d''hemodiàlisi ","Radiologia","Documents / Imatge",2,"No","No",
,29/05/2018,,"09072327","Pròtesi coberta en fístules d''hemodiàlisi ","Radiologia","Documents / Imatge",2,"No","No",
,29/05/2018,,"09072328","Pròtesi no coberta a les venes hepàtiques ","Radiologia","Documents / Imatge",2,"No","No",
,29/05/2018,,"09072329","Pròtesi no coberta àrea de vena porta ","Radiologia","Documents / Imatge",2,"No","No",
,29/05/2018,,"09072330","Pròtesi no coberta en TIPS/DTIP ","Radiologia","Documents / Imatge",2,"No","No",
,29/05/2018,,"09072331","Pròtesi coberta en TIPS/DTIP ","Radiologia","Documents / Imatge",2,"No","No",
,29/05/2018,,"09072332","Pròtesi no coberta derivació portocaval quirúrgica ","Radiologia","Documents / Imatge",2,"No","No",
,29/05/2018,,"09072400","Trombectomia ","Radiologia","Documents / Imatge",2,"No","No",
,29/05/2018,,"09072401","Trombectomia d''artèries perifèriques ","Radiologia","Documents / Imatge",2,"No","No",
,29/05/2018,,"09072402","Trombectomia d''empelts vasculars ","Radiologia","Documents / Imatge",2,"No","No",
,29/05/2018,,"09072403","Trombectomia d''artèria pulmonar ","Radiologia","Documents / Imatge",2,"No","No",
,29/05/2018,,"09072404","Trombectomia de l''àrea de la vena cava superior ","Radiologia","Documents / Imatge",2,"No","No",
,29/05/2018,,"09072405","Trombectomia de l''àrea de la vena cava inferior ","Radiologia","Documents / Imatge",2,"No","No",
,29/05/2018,,"09072406","Trombectomia de fístules d''hemodiàlisi ","Radiologia","Documents / Imatge",2,"No","No",
,29/05/2018,,"09072407","Trombectomia de TIPS/DTIP ","Radiologia","Documents / Imatge",2,"No","No",
,29/05/2018,,"09072408","Trombectomia de pròtesis i derivacions vasculars ","Radiologia","Documents / Imatge",2,"No","No",
,29/05/2018,,"09072500","Fibrinòlisi ","Radiologia","Documents / Imatge",2,"No","No",
,29/05/2018,,"09072501","Fibrinòlisi local de l''àrea de la vena cava ","Radiologia","Documents / Imatge",2,"No","No",
,29/05/2018,,"09072502","Fibrinòlisi en artèries pulmonars ","Radiologia","Documents / Imatge",2,"No","No",
,29/05/2018,,"09072503","Fibrinòlisi en venes renals ","Radiologia","Documents / Imatge",2,"No","No",
,29/05/2018,,"09072504","Fibrinòlisi en venes hepàtiques ","Radiologia","Documents / Imatge",2,"No","No",
,29/05/2018,,"09072505","Fibrinòlisi de l''àrea de la vena porta ","Radiologia","Documents / Imatge",2,"No","No",
,29/05/2018,,"09072506","Fibrinòlisi en TIPS/DTIP ","Radiologia","Documents / Imatge",2,"No","No",
,29/05/2018,,"09072507","Fibrinòlisi de fístula A.V. d''hemodiàlisi ","Radiologia","Documents / Imatge",2,"No","No",
,29/05/2018,,"09072508","Fibrinòlisi en artèries d''extremitat inferior ","Radiologia","Documents / Imatge",2,"No","No",
,29/05/2018,,"09072509","Fibrinòlisi d''artèries d''extremitat superior ","Radiologia","Documents / Imatge",2,"No","No",
,29/05/2018,,"09072510","Fibrinòlisi terminoaòrtica o aortoilíaca ","Radiologia","Documents / Imatge",2,"No","No",
,29/05/2018,,"09072511","Fibrinòlisi d''artèria renal ","Radiologia","Documents / Imatge",2,"No","No",
,29/05/2018,,"09072512","Fibrinòlisi de troncs viscerals digestius ","Radiologia","Documents / Imatge",2,"No","No",
,29/05/2018,,"09072513","Fibrinòlisi d''empelts vasculars ","Radiologia","Documents / Imatge",2,"No","No",
,29/05/2018,,"09072600","Làser i recanalització mecànica ","Radiologia","Documents / Imatge",2,"No","No",
,29/05/2018,,"09072601","Làser i recanalització mecànica arterial ","Radiologia","Documents / Imatge",2,"No","No",
,29/05/2018,,"09072602","Làser i recanalització mecànica venosa ","Radiologia","Documents / Imatge",2,"No","No",
,29/05/2018,,"09072701","Tractament de trastorns angioespasmòdics ","Radiologia","Documents / Imatge",2,"No","No",
,29/05/2018,,"09072801","Tractament de l''hemorràgia digestiva ","Radiologia","Documents / Imatge",2,"No","No",
,29/05/2018,,"09072900","Embolització vascular ","Radiologia","Documents / Imatge",2,"No","No",
,29/05/2018,,"09072901","Embolització de varicocele bilateral ","Radiologia","Documents / Imatge",2,"No","No",
,29/05/2018,,"09072902","Embolització de varicocele unilateral ","Radiologia","Documents / Imatge",2,"No","No",
,29/05/2018,,"09072903","Embolització tumoral (pal·liativa o prequirúrgica) ","Radiologia","Documents / Imatge",2,"No","No",
,29/05/2018,,"09072904","Embolització de malformació vascular ","Radiologia","Documents / Imatge",2,"No","No",
,29/05/2018,,"09072905","Embolització bronquial ","Radiologia","Documents / Imatge",2,"No","No",
,29/05/2018,,"09072906","Embolització d''hemorràgia digestiva alta o baixa ","Radiologia","Documents / Imatge",2,"No","No",
,29/05/2018,,"09072907","Embolització d''hemorràgia per traumatisme ","Radiologia","Documents / Imatge",2,"No","No",
,29/05/2018,,"09072908","Embolització dels ronyons en estadi final ","Radiologia","Documents / Imatge",2,"No","No",
,29/05/2018,,"09072909","Embolització esplènica ","Radiologia","Documents / Imatge",2,"No","No",
,29/05/2018,,"09072910","Embolització de varius esofàgiques ","Radiologia","Documents / Imatge",2,"No","No",
,29/05/2018,,"09072911","Embolització hepàtica ","Radiologia","Documents / Imatge",2,"No","No",
,29/05/2018,,"09072912","Embolització d''aneurismes ","Radiologia","Documents / Imatge",2,"No","No",
,29/05/2018,,"09072913","Altres embolitzacions ","Radiologia","Documents / Imatge",2,"No","No",
,29/05/2018,,"09072914","Quimioembolització hepàtica ","Radiologia","Documents / Imatge",2,"No","No",
,29/05/2018,,"09072915","Embolització venosa pelviana ","Radiologia","Documents / Imatge",2,"No","No",
,29/05/2018,,"09072916","Embolització pulmonar ","Radiologia","Documents / Imatge",2,"No","No",
,29/05/2018,,"09072917","Embolització de comunicacions portosistèmiques ","Radiologia","Documents / Imatge",2,"No","No",
,29/05/2018,,"09072918","Embolització de derivació portocaval (TIPS/DTIP) ","Radiologia","Documents / Imatge",2,"No","No",
,29/05/2018,,"09072919","Embolització de miomes uterins ","Radiologia","Documents / Imatge",2,"No","No",
,29/05/2018,,"09072920","Embolització de varius d''EEII per ecografia ","Radiologia","Documents / Imatge",2,"No","No",
,29/05/2018,,"09072921","Embolització limfàtica ","Radiologia","Documents / Imatge",2,"No","No",
,29/05/2018,,"09073000","Extracció de cos estrany intravascular ","Radiologia","Documents / Imatge",2,"No","No",
,29/05/2018,,"09073001","Extracció de cos estrany arterial ","Radiologia","Documents / Imatge",2,"No","No",
,29/05/2018,,"09073002","Extracció de cos estrany venós ","Radiologia","Documents / Imatge",2,"No","No",
,29/05/2018,,"09073100","Filtres de la vena cava ","Radiologia","Documents / Imatge",2,"No","No",
,29/05/2018,,"09073101","Filtre temporal de la vena cava ","Radiologia","Documents / Imatge",2,"No","No",
,29/05/2018,,"09073102","Filtre definitiu de la vena cava ","Radiologia","Documents / Imatge",2,"No","No",
,29/05/2018,,"09073103","Filtre de la vena cava amb fibrinòlisi ","Radiologia","Documents / Imatge",2,"No","No",
,29/05/2018,,"09073104","Retirada de filtre de la vena cava ","Radiologia","Documents / Imatge",2,"No","No",
,29/05/2018,,"09073200","Catèter venós central ","Radiologia","Documents / Imatge",2,"No","No",
,29/05/2018,,"09073201","Catèter subcutani sense reservori ","Radiologia","Documents / Imatge",2,"No","No",
,29/05/2018,,"09073202","Catèter subcutani amb reservori ","Radiologia","Documents / Imatge",2,"No","No",
,29/05/2018,,"09073203","Catèter subcutani sense tracte ","Radiologia","Documents / Imatge",2,"No","No",
,29/05/2018,,"09073204","Catèter subcutani amb tracte ","Radiologia","Documents / Imatge",2,"No","No",
,29/05/2018,,"09073205","Retirada i control de catèter ","Radiologia","Documents / Imatge",2,"No","No",
,29/05/2018,,"09073206","Canvi de catèter ","Radiologia","Documents / Imatge",2,"No","No",
,29/05/2018,,"09073301","TIPS/DTIP ","Radiologia","Documents / Imatge",2,"No","No",
,29/05/2018,,"09073400","Tractament de la insuficiència venosa ","Radiologia","Documents / Imatge",2,"No","No",
,29/05/2018,,"09073401","CHIVA de varius ","Radiologia","Documents / Imatge",2,"No","No",
,29/05/2018,,"09073402","Radiofreqüència de varius ","Radiologia","Documents / Imatge",2,"No","No",
,29/05/2018,,"09073403","Endolàser de varius ","Radiologia","Documents / Imatge",2,"No","No",
,29/05/2018,,"09073501","Denervació renal percutània ","Radiologia","Documents / Imatge",2,"No","No",
,29/05/2018,,"09073600","Trombosi percutània ","Radiologia","Documents / Imatge",2,"No","No",
,29/05/2018,,"09073601","Trombosi percutània de pseudoaneurismes ","Radiologia","Documents / Imatge",2,"No","No",
,29/05/2018,,"09073602","Tractament percutani de malformacions vasculars ","Radiologia","Documents / Imatge",2,"No","No",
,29/05/2018,,"09073700","Drenatge biliar / endopròtesi de conducte biliar ","Radiologia","Documents / Imatge",2,"No","No",
,29/05/2018,,"09073701","Drenatge biliar percutani extern ","Radiologia","Documents / Imatge",2,"No","No",
,29/05/2018,,"09073702","Drenatge biliar percutani intern / extern ","Radiologia","Documents / Imatge",2,"No","No",
,29/05/2018,,"09073703","Dilatació del conducte biliar ","Radiologia","Documents / Imatge",2,"No","No",
,29/05/2018,,"09073704","Endopròtesi al conducte biliar ","Radiologia","Documents / Imatge",2,"No","No",
,29/05/2018,,"09073801","Tractament percutani de la colelitiasi ","Radiologia","Documents / Imatge",2,"No","No",
,29/05/2018,,"09073901","Dilatació percutània del conducte de Wirsung ","Radiologia","Documents / Imatge",2,"No","No",
,29/05/2018,,"09074001","Colecistolitotomia percutània ","Radiologia","Documents / Imatge",2,"No","No",
,29/05/2018,,"09074101","Gastrostomia i gastrojejunostomia percutànies ","Radiologia","Documents / Imatge",2,"No","No",
,29/05/2018,,"09074201","Ileostomia i colostomia percutànies ","Radiologia","Documents / Imatge",2,"No","No",
,29/05/2018,,"09074301","Dilatació d''estenosi del tub digestiu ","Radiologia","Documents / Imatge",2,"No","No",
,29/05/2018,,"09074401","Endopròtesi de tub digestiu ","Radiologia","Documents / Imatge",2,"No","No",
,29/05/2018,,"09074501","Sonda d''alimentació enteral ","Radiologia","Documents / Imatge",2,"No","No",
,29/05/2018,,"09074601","Cistogastrostomia percutània ","Radiologia","Documents / Imatge",2,"No","No",
,29/05/2018,,"09074701","Col·locació percutània pròtesi conducte pancreàtic ","Radiologia","Documents / Imatge",2,"No","No",
,29/05/2018,,"09074801","Cos estrany en conducte biliar o tub digestiu ","Radiologia","Documents / Imatge",2,"No","No",
,29/05/2018,,"09074901","Tractament percutani de fístules digestives ","Radiologia","Documents / Imatge",2,"No","No",
,29/05/2018,,"09075001","Cateterisme retrògrad ureteral radioscòpic ","Radiologia","Documents / Imatge",2,"No","No",
,29/05/2018,,"09075101","Endopròtesi ureteral ","Radiologia","Documents / Imatge",2,"No","No",
,29/05/2018,,"09075201","Cistostomia percutània ","Radiologia","Documents / Imatge",2,"No","No",
,29/05/2018,,"09075301","Dilatació percutània d''estenosis ureterals ","Radiologia","Documents / Imatge",2,"No","No",
,29/05/2018,,"09075401","Tractament percutani de la litiasi renoureteral ","Radiologia","Documents / Imatge",2,"No","No",
,29/05/2018,,"09075501","Catèter ureteral ","Radiologia","Documents / Imatge",2,"No","No",
,29/05/2018,,"09075601","Recanalització tubària ","Radiologia","Documents / Imatge",2,"No","No",
,29/05/2018,,"09075701","Oclusió ureteral ","Radiologia","Documents / Imatge",2,"No","No",
,29/05/2018,,"09075801","Dilatació d''estenosis ureterals ","Radiologia","Documents / Imatge",2,"No","No",
,29/05/2018,,"09075901","Oclusió de les trompes de Fal·lopi ","Radiologia","Documents / Imatge",2,"No","No",
,29/05/2018,,"09076001","Cos estrany urològic ","Radiologia","Documents / Imatge",2,"No","No",
,29/05/2018,,"09076101","Tractament percutani de fístules urinàries ","Radiologia","Documents / Imatge",2,"No","No",
,29/05/2018,,"09076201","Col·locació de pròtesis en vies respiratòries ","Radiologia","Documents / Imatge",2,"No","No",
,29/05/2018,,"09076301","Pleuròdesi guiada per TC ","Radiologia","Documents / Imatge",2,"No","No",
,29/05/2018,,"09076400","Drenatge d''hematomes amb fibrinòlisi ","Radiologia","Documents / Imatge",2,"No","No",
,29/05/2018,,"09076401","Drenatge d''hematomes amb fibrinòlisi per ecografi ","Radiologia","Documents / Imatge",2,"No","No",
,29/05/2018,,"09076402","Drenatge d''hematomes amb fibrinòlisi per TC ","Radiologia","Documents / Imatge",2,"No","No",
,29/05/2018,,"09076501","Control del procediment intervencionista ","Radiologia","Documents / Imatge",2,"No","No",
,08/05/2018,,208901000135109,"PET cerebral de placa Amiloide","Medicina Nuclear","Documents / Imatge",2,"No","No",
,,,"APAE ","Anatomia patològica estructurat ","Anatomia Patològica","A.Pat. Estructurada",3,"No","No",
,,,"CINF","Informes (aportat pel ciutadà) ","Informes Clínics","Documents",1,"No","No",
,,,"CLAB","Anàlisi (aportat pel ciutadà) ","Laboratori","Documents",1,"No","No",
,,,"CPDT","Proves (aportat pel ciutadà) ","Proves Complementàries","Documents",1,"No","No",
,,,"ESPE ","Informe espirometries estructurat ","Informes Clínics","Espirometria estruct.",7,"No","No",
,,,"IDT ","Imatge mèdica digital de gabinets","Proves complementàries","Documents / Imatge",2,"No","No",
,,,"LABE ","Laboratori estructurat ","Laboratori","Laboratori estructurat",4,"No","No",
,,30/11/2018,"Mx ","Mamografia ","Radiologia","Documents / Imatge",2,"No","No",
,,30/11/2018,"ORTO ","Ortopantomografia ","Radiologia","Documents / Imatge",2,"No","No",
,,30/11/2018,"RMN ","Ressonància magnètica ","Radiologia","Documents / Imatge",2,"No","No",
,,30/11/2018,"Rx ","Radiologia ","Radiologia","Documents / Imatge",2,"No","No",
,,30/11/2018,"TC ","Tomografia computada (TC) ","Radiologia","Documents / Imatge",2,"No","No",
,29/10/2018,,209471000135103,"Cribratge DNA fetal (aneuploïdies)","Laboratori","Documents",1,"No","No",
,12/11/2018,,252512005,"Prova específica de provocació","Proves Complementàries","Documents",1,"No","No",
,19/09/2019,,"0325","Prova malabsorció de sals biliars","Medicina Nuclear","Documents / Imatge",2,"No","No",
,14/01/2020,,"0506","Flux plasmàtic renal efectiu","Medicina Nuclear","Documents / Imatge",2,"No","No",
,18/03/2020,,224453000,"Baixa laboral per malaltia","Informes Clínics","Documents",1,"No","No",
,18/03/2020,,171397002,"Confirmació de baixa laboral per malaltia ","Informes Clínics","Documents",1,"No","No",
,18/03/2020,,306382007,"Alta laboral per malaltia","Informes Clínics","Documents",1,"No","No",
,"0804/2020",,224111000135107,"Baixa laboral per malaltia (per l’empresa) ","Informes Clínics","Documents",1,"No","No",
,08/04/2020,,224151000135106,"Confirmació de baixa laboral per malaltia (per l’empresa) ","Informes Clínics","Documents",1,"No","No",
,08/04/2020,,224191000135100,"Alta laboral per malaltia (per l’empresa)","Informes Clínics","Documents",1,"No","No",
,16/04/2020,,450566007,"Tomosíntesi digital de mama","Radiologia","Documents/imatge",2,"No","No",
,21/10/2020,,"CCME","Cribatge càncer estructurat de mama","Informes Clínics","Cribratge Càncer Estructurat",12,"No","No",
,21/10/2020,,"CCRE","Cribatge càncer estructurat de còlon","Informes Clínics","Cribratge Càncer Estructurat",12,"No","No",
,02/07/2021,,228151000135102,"Cribratge de càncer de cèrvix","Informes Clínics","Documents",1,"No","No",
,16/03/2022,,"225886003 ","Avaluació mèdica","Informes Clínics","Documents",1,"No","No",
,05/05/2022,,370852006,"Registre de dispositius implantats durant procediments quirúrgics","Informes Clínics","Documents",1,"No","No",
,,,252559003,"Prova d'olfacte","Proves Complementàries","Documents",1,"No","No",
,07/11/2022,,"310431000135101","Informe per a la sol·licitud de reconeixement de dependència","Informes Clínics","Documents",1,"No","No",
,12/06/2023,,225886003,"Avaluació mèdica","Informes Clínics","Documents",1,"No","No",
,04/12/2023,,442079009,"Monitoratge d'impedància esofàgica","Proves Complementàries","Documents / Imatge",2,"No","No",
,29/01/2024,,"176786003","Colposcòpia de coll uterí o cervical ","Proves Complementàries","Documents / Imatge",2,"No","No",
,27/02/2025,,434571000135107,"Informe d'assessorament genètic            ","Informes Clínics","Documents",1,"No","No",
,15/01/2026,,1019471000135100,"Pla Individual d'Atenció Integral (PIAI)",,"Documents",,,,
